{"range_start":"2019-07-18T00:00:00Z","range_end":"2019-07-19T00:00:00Z","unique_users":5,"total_games":20,"games":[{"user_hash":"BAEF36589507DE02780C05C832CCFD87","region":"Americas","id":125711800,"mode":"ranked","hero":"Priest","hero_deck":null,"opponent":"Shaman","opponent_deck":null,"coin":false,"result":"win","duration":468,"rank":null,"legend":null,"note":null,"added":"2019-07-18T23:09:37Z","card_history":[{"player":"me","turn":1,"card":{"id":"BOT_435","name":"Cloning Device","mana":1}},{"player":"opponent","turn":1,"card":{"id":"EX1_243","name":"Dust Devil","mana":1}},{"player":"me","turn":3,"card":{"id":"DAL_729","name":"Madame Lazul","mana":3}},{"player":"opponent","turn":3,"card":{"id":"DAL_400","name":"EVIL Cable Rat","mana":2}},{"player":"opponent","turn":3,"card":{"id":"DAL_615","name":"Witchy Lackey","mana":1}},{"player":"me","turn":4,"card":{"id":"EX1_339","name":"Thoughtsteal","mana":3}},{"player":"me","turn":4,"card":{"id":"CS2_169","name":"Young Dragonhawk","mana":1}},{"player":"opponent","turn":4,"card":{"id":"CS2_169","name":"Young Dragonhawk","mana":1}},{"player":"me","turn":5,"card":{"id":"EX1_345","name":"Mindgames","mana":4}},{"player":"me","turn":6,"card":{"id":"EX1_091","name":"Cabal Shadow Priest","mana":6}},{"player":"opponent","turn":6,"card":{"id":"CS2_203","name":"Ironbeak Owl","mana":3}},{"player":"opponent","turn":6,"card":{"id":"EX1_575","name":"Mana Tide Totem","mana":3}},{"player":"me","turn":7,"card":{"id":"CS2_042","name":"Fire Elemental","mana":6}},{"player":"opponent","turn":7,"card":{"id":"GAME_005","name":"The Coin","mana":0}},{"player":"opponent","turn":7,"card":{"id":"DAL_592","name":"Batterhead","mana":8}},{"player":"me","turn":8,"card":{"id":"GIL_820","name":"Shudderwock","mana":9}},{"player":"me","turn":8,"card":{"id":"EX1_021","name":"Thrallmar Farseer","mana":3}},{"player":"me","turn":8,"card":{"id":"hexfrog","name":"Frog","mana":0}},{"player":"opponent","turn":8,"card":{"id":"DAL_047","name":"Walking Fountain","mana":8}},{"player":"me","turn":9,"card":{"id":"EX1_339","name":"Thoughtsteal","mana":3}},{"player":"me","turn":9,"card":{"id":"CS2_003","name":"Mind Vision","mana":1}},{"player":"me","turn":9,"card":{"id":"GIL_531","name":"Witch's Apprentice","mana":1}},{"player":"me","turn":9,"card":{"id":"DAL_723","name":"Forbidden Words","mana":0}},{"player":"me","turn":9,"card":{"id":"DAL_071","name":"Mutate","mana":0}},{"player":"opponent","turn":9,"card":{"id":"EX1_246","name":"Hex","mana":4}},{"player":"opponent","turn":9,"card":{"id":"EX1_243","name":"Dust Devil","mana":1}},{"player":"me","turn":10,"card":{"id":"DAL_047","name":"Walking Fountain","mana":8}},{"player":"opponent","turn":10,"card":{"id":"DAL_009","name":"Hagatha's Scheme","mana":5}},{"player":"opponent","turn":10,"card":{"id":"DAL_400","name":"EVIL Cable Rat","mana":2}},{"player":"opponent","turn":10,"card":{"id":"DAL_615","name":"Witchy Lackey","mana":1}},{"player":"me","turn":11,"card":{"id":"EX1_334","name":"Shadow Madness","mana":4}}]},{"user_hash":"BAEF36589507DE02780C05C832CCFD87","region":"Americas","id":125711743,"mode":"ranked","hero":"Mage","hero_deck":"Freeze","opponent":"Druid","opponent_deck":"Token","coin":true,"result":"loss","duration":458,"rank":null,"legend":null,"note":null,"added":"2019-07-18T22:59:08Z","card_history":[{"player":"opponent","turn":2,"card":{"id":"DAL_733","name":"Dreamway Guardians","mana":2}},{"player":"me","turn":2,"card":{"id":"CS2_034","name":"Fireblast","mana":2}},{"player":"opponent","turn":3,"card":{"id":"DAL_400","name":"EVIL Cable Rat","mana":2}},{"player":"opponent","turn":3,"card":{"id":"DAL_614","name":"Kobold Lackey","mana":1}},{"player":"me","turn":3,"card":{"id":"TRL_315","name":"Pyromaniac","mana":3}},{"player":"opponent","turn":4,"card":{"id":"EX1_154","name":"Wrath","mana":2}},{"player":"opponent","turn":4,"card":{"id":"CS2_017","name":"Shapeshift","mana":2}},{"player":"me","turn":4,"card":{"id":"BOT_103","name":"Stargazer Luna","mana":3}},{"player":"opponent","turn":5,"card":{"id":"BOT_445","name":"Mecharoo","mana":1}},{"player":"opponent","turn":5,"card":{"id":"BOT_312","name":"Replicating Menace","mana":4}},{"player":"me","turn":5,"card":{"id":"EX1_105","name":"Mountain Giant","mana":12}},{"player":"opponent","turn":6,"card":{"id":"EX1_158","name":"Soul of the Forest","mana":4}},{"player":"opponent","turn":6,"card":{"id":"CS2_017","name":"Shapeshift","mana":2}},{"player":"me","turn":6,"card":{"id":"CS2_023","name":"Arcane Intellect","mana":3}},{"player":"me","turn":6,"card":{"id":"EX1_012","name":"Bloodmage Thalnos","mana":2}},{"player":"me","turn":6,"card":{"id":"GAME_005","name":"The Coin","mana":0}},{"player":"me","turn":6,"card":{"id":"CS2_034","name":"Fireblast","mana":2}},{"player":"opponent","turn":7,"card":{"id":"DAL_400","name":"EVIL Cable Rat","mana":2}},{"player":"opponent","turn":7,"card":{"id":"CS2_017","name":"Shapeshift","mana":2}},{"player":"me","turn":7,"card":{"id":"CS2_032","name":"Flamestrike","mana":7}},{"player":"opponent","turn":8,"card":{"id":"CS2_012","name":"Swipe","mana":4}}]},{"user_hash":"BAEF36589507DE02780C05C832CCFD87","region":"Americas","id":125711503,"mode":"arena","hero":"Warrior","hero_deck":null,"opponent":"Warlock","opponent_deck":null,"coin":true,"result":"win","duration":589,"rank":null,"legend":null,"note":null,"added":"2019-07-18T22:20:39Z","card_history":[{"player":"me","turn":1,"card":{"id":"GVG_013","name":"Cogmaster","mana":1}},{"player":"opponent","turn":2,"card":{"id":"CS2_056","name":"Life Tap","mana":2}},{"player":"me","turn":2,"card":{"id":"GVG_006","name":"Mechwarper","mana":2}},{"player":"opponent","turn":3,"card":{"id":"GVG_095","name":"Goblin Sapper","mana":3}},{"player":"me","turn":3,"card":{"id":"AT_100","name":"Silver Hand Regent","mana":3}},{"player":"opponent","turn":4,"card":{"id":"GVG_096","name":"Piloted Shredder","mana":4}},{"player":"me","turn":4,"card":{"id":"EX1_096","name":"Loot Hoarder","mana":2}},{"player":"me","turn":4,"card":{"id":"CS2_102","name":"Armor Up!","mana":2}},{"player":"opponent","turn":5,"card":{"id":"GVG_069","name":"Antique Healbot","mana":5}},{"player":"me","turn":5,"card":{"id":"GVG_103","name":"Micro Machine","mana":2}},{"player":"me","turn":5,"card":{"id":"AT_121","name":"Crowd Favorite","mana":4}},{"player":"opponent","turn":6,"card":{"id":"GVG_099","name":"Bomb Lobber","mana":5}},{"player":"me","turn":6,"card":{"id":"BOT_563","name":"Wargear","mana":5}},{"player":"opponent","turn":7,"card":{"id":"DAL_088","name":"Safeguard","mana":6}},{"player":"opponent","turn":7,"card":{"id":"EX1_308","name":"Soulfire","mana":1}},{"player":"me","turn":7,"card":{"id":"DAL_566","name":"Eccentric Scribe","mana":6}},{"player":"me","turn":7,"card":{"id":"GAME_005","name":"The Coin","mana":0}},{"player":"me","turn":7,"card":{"id":"DAL_400","name":"EVIL Cable Rat","mana":2}},{"player":"opponent","turn":8,"card":{"id":"KAR_712","name":"Violet Illusionist","mana":3}},{"player":"opponent","turn":8,"card":{"id":"CS2_056","name":"Life Tap","mana":2}},{"player":"opponent","turn":8,"card":{"id":"EX1_412","name":"Raging Worgen","mana":3}},{"player":"me","turn":8,"card":{"id":"EX1_033","name":"Windfury Harpy","mana":6}},{"player":"me","turn":8,"card":{"id":"DAL_739","name":"Goblin Lackey","mana":1}},{"player":"opponent","turn":9,"card":{"id":"AT_020","name":"Fearsome Doomguard","mana":7}},{"player":"opponent","turn":9,"card":{"id":"EX1_058","name":"Sunfury Protector","mana":2}},{"player":"me","turn":9,"card":{"id":"DAL_760","name":"Burly Shovelfist","mana":9}},{"player":"opponent","turn":10,"card":{"id":"GVG_045","name":"Imp-losion","mana":4}},{"player":"opponent","turn":10,"card":{"id":"DAL_185","name":"Aranasi Broodmother","mana":6}},{"player":"me","turn":10,"card":{"id":"EX1_411","name":"Gorehowl","mana":7}},{"player":"me","turn":10,"card":{"id":"DAL_400","name":"EVIL Cable Rat","mana":2}},{"player":"me","turn":10,"card":{"id":"DAL_613","name":"Faceless Lackey","mana":1}},{"player":"opponent","turn":11,"card":{"id":"GVG_096","name":"Piloted Shredder","mana":4}},{"player":"opponent","turn":11,"card":{"id":"CS2_056","name":"Life Tap","mana":2}},{"player":"opponent","turn":11,"card":{"id":"DAL_551","name":"Proud Defender","mana":4}},{"player":"me","turn":11,"card":{"id":"DAL_592","name":"Batterhead","mana":8}},{"player":"me","turn":11,"card":{"id":"CS2_102","name":"Armor Up!","mana":2}},{"player":"opponent","turn":12,"card":{"id":"DAL_553","name":"Big Bad Archmage","mana":10}},{"player":"me","turn":12,"card":{"id":"GVG_053","name":"Shieldmaiden","mana":6}},{"player":"me","turn":12,"card":{"id":"BOT_067","name":"Rocket Boots","mana":2}},{"player":"me","turn":12,"card":{"id":"NEW1_022","name":"Dread Corsair","mana":4}},{"player":"me","turn":12,"card":{"id":"CS2_102","name":"Armor Up!","mana":2}},{"player":"opponent","turn":13,"card":{"id":"BOT_448","name":"Damaged Stegotron","mana":6}},{"player":"opponent","turn":13,"card":{"id":"CS2_057","name":"Shadow Bolt","mana":3}},{"player":"me","turn":13,"card":{"id":"GVG_053","name":"Shieldmaiden","mana":6}},{"player":"me","turn":13,"card":{"id":"CS2_102","name":"Armor Up!","mana":2}},{"player":"opponent","turn":14,"card":{"id":"CS2_056","name":"Life Tap","mana":2}},{"player":"opponent","turn":14,"card":{"id":"CS2_064","name":"Dread Infernal","mana":6}}]},{"user_hash":"BAEF36589507DE02780C05C832CCFD87","region":"Americas","id":125711442,"mode":"arena","hero":"Warrior","hero_deck":null,"opponent":"Druid","opponent_deck":null,"coin":false,"result":"win","duration":397,"rank":null,"legend":null,"note":null,"added":"2019-07-18T22:10:39Z","card_history":[{"player":"me","turn":2,"card":{"id":"GVG_006","name":"Mechwarper","mana":2}},{"player":"opponent","turn":2,"card":{"id":"AT_094","name":"Flame Juggler","mana":2}},{"player":"me","turn":3,"card":{"id":"GVG_091","name":"Arcane Nullifier X-21","mana":4}},{"player":"opponent","turn":3,"card":{"id":"GVG_044","name":"Spider Tank","mana":3}},{"player":"me","turn":4,"card":{"id":"BOT_563","name":"Wargear","mana":5}},{"player":"opponent","turn":4,"card":{"id":"AT_115","name":"Fencing Coach","mana":3}},{"player":"opponent","turn":4,"card":{"id":"GAME_005","name":"The Coin","mana":0}},{"player":"opponent","turn":4,"card":{"id":"AT_089","name":"Boneguard Lieutenant","mana":2}},{"player":"me","turn":5,"card":{"id":"DAL_759","name":"Vicious Scraphound","mana":2}},{"player":"me","turn":5,"card":{"id":"BOT_067","name":"Rocket Boots","mana":2}},{"player":"me","turn":5,"card":{"id":"DAL_400","name":"EVIL Cable Rat","mana":2}},{"player":"opponent","turn":5,"card":{"id":"DAL_743","name":"Hench-Clan Hogsteed","mana":2}},{"player":"opponent","turn":5,"card":{"id":"EX1_007","name":"Acolyte of Pain","mana":3}},{"player":"me","turn":6,"card":{"id":"BOT_021","name":"Bronze Gatekeeper","mana":3}},{"player":"me","turn":6,"card":{"id":"DAL_741","name":"Ethereal Lackey","mana":1}},{"player":"me","turn":6,"card":{"id":"EX1_391","name":"Slam","mana":2}},{"player":"opponent","turn":6,"card":{"id":"CS2_179","name":"Sen'jin Shieldmasta","mana":4}},{"player":"opponent","turn":6,"card":{"id":"DAL_089","name":"Spellbook Binder","mana":2}},{"player":"me","turn":7,"card":{"id":"EX1_033","name":"Windfury Harpy","mana":6}},{"player":"opponent","turn":7,"card":{"id":"AT_082","name":"Lowly Squire","mana":1}},{"player":"opponent","turn":7,"card":{"id":"GVG_034","name":"Mech-Bear-Cat","mana":6}},{"player":"me","turn":8,"card":{"id":"NEW1_022","name":"Dread Corsair","mana":4}},{"player":"me","turn":8,"card":{"id":"AT_121","name":"Crowd Favorite","mana":4}},{"player":"opponent","turn":8,"card":{"id":"GVG_078","name":"Mechanical Yeti","mana":4}},{"player":"me","turn":9,"card":{"id":"DAL_760","name":"Burly Shovelfist","mana":9}},{"player":"opponent","turn":9,"card":{"id":"NEW1_026","name":"Violet Teacher","mana":4}},{"player":"opponent","turn":9,"card":{"id":"PART_004","name":"Finicky Cloakfield","mana":1}},{"player":"opponent","turn":9,"card":{"id":"PART_003","name":"Rusty Horn","mana":1}},{"player":"opponent","turn":9,"card":{"id":"PART_001","name":"Armor Plating","mana":1}},{"player":"me","turn":10,"card":{"id":"DAL_760","name":"Burly Shovelfist","mana":9}}]},{"user_hash":"27B559DDB030E30F5548BC78CE3ACC6F","region":"Americas","id":125704552,"mode":"ranked","hero":"Mage","hero_deck":null,"opponent":"Warrior","opponent_deck":"Taunt","coin":false,"result":"win","duration":341,"rank":6,"legend":null,"note":null,"added":"2019-07-18T02:56:45Z","card_history":[{"player":"opponent","turn":1,"card":{"id":"BOT_059","name":"Eternium Rover","mana":1}},{"player":"me","turn":2,"card":{"id":"EX1_608","name":"Sorcerer's Apprentice","mana":2}},{"player":"opponent","turn":2,"card":{"id":"BOT_059","name":"Eternium Rover","mana":1}},{"player":"me","turn":3,"card":{"id":"BOT_103","name":"Stargazer Luna","mana":3}},{"player":"me","turn":3,"card":{"id":"CS2_027","name":"Mirror Image","mana":1}},{"player":"opponent","turn":3,"card":{"id":"DAL_060","name":"Clockwork Goblin","mana":3}},{"player":"me","turn":4,"card":{"id":"EX1_586","name":"Sea Giant","mana":10}},{"player":"opponent","turn":4,"card":{"id":"GAME_005","name":"The Coin","mana":0}},{"player":"opponent","turn":4,"card":{"id":"EX1_407","name":"Brawl","mana":5}},{"player":"me","turn":5,"card":{"id":"TRL_509","name":"Banana Buffoon","mana":3}},{"player":"me","turn":5,"card":{"id":"DAL_575","name":"Khadgar","mana":2}},{"player":"opponent","turn":5,"card":{"id":"GIL_803","name":"Militia Commander","mana":4}},{"player":"me","turn":6,"card":{"id":"EX1_608","name":"Sorcerer's Apprentice","mana":2}},{"player":"me","turn":6,"card":{"id":"TRL_509t","name":"Bananas","mana":1}},{"player":"me","turn":6,"card":{"id":"TRL_509t","name":"Bananas","mana":1}},{"player":"me","turn":6,"card":{"id":"DAL_177","name":"Conjurer's Calling","mana":3}},{"player":"me","turn":6,"card":{"id":"DAL_603","name":"Mana Cyclone","mana":2}},{"player":"opponent","turn":6,"card":{"id":"EX1_407","name":"Brawl","mana":5}},{"player":"me","turn":7,"card":{"id":"EX1_105","name":"Mountain Giant","mana":12}},{"player":"opponent","turn":7,"card":{"id":"BOT_238","name":"Dr. Boom, Mad Genius","mana":7}},{"player":"me","turn":8,"card":{"id":"DAL_177ts","name":"Conjurer's Calling","mana":3}},{"player":"me","turn":8,"card":{"id":"tt_010","name":"Spellbender","mana":3}},{"player":"me","turn":8,"card":{"id":"CS2_034","name":"Fireblast","mana":2}},{"player":"opponent","turn":8,"card":{"id":"EX1_606","name":"Shield Block","mana":3}},{"player":"opponent","turn":8,"card":{"id":"EX1_606","name":"Shield Block","mana":3}},{"player":"opponent","turn":8,"card":{"id":"EX1_410","name":"Shield Slam","mana":1}},{"player":"opponent","turn":8,"card":{"id":"GIL_580","name":"Town Crier","mana":1}},{"player":"me","turn":9,"card":{"id":"TRL_509","name":"Banana Buffoon","mana":3}},{"player":"me","turn":9,"card":{"id":"TRL_509t","name":"Bananas","mana":1}},{"player":"me","turn":9,"card":{"id":"TRL_509t","name":"Bananas","mana":1}},{"player":"me","turn":9,"card":{"id":"CS2_034","name":"Fireblast","mana":2}}]},{"user_hash":"27B559DDB030E30F5548BC78CE3ACC6F","region":"Americas","id":125704535,"mode":"ranked","hero":"Mage","hero_deck":"Secret","opponent":"Rogue","opponent_deck":"Miracle","coin":false,"result":"win","duration":521,"rank":6,"legend":null,"note":null,"added":"2019-07-18T02:50:57Z","card_history":[{"player":"me","turn":1,"card":{"id":"DAL_608","name":"Magic Trick","mana":1}},{"player":"me","turn":2,"card":{"id":"CS2_034","name":"Fireblast","mana":2}},{"player":"opponent","turn":2,"card":{"id":"CS2_083b","name":"Dagger Mastery","mana":2}},{"player":"me","turn":3,"card":{"id":"CS2_034","name":"Fireblast","mana":2}},{"player":"opponent","turn":3,"card":{"id":"GAME_005","name":"The Coin","mana":0}},{"player":"opponent","turn":3,"card":{"id":"DAL_720","name":"Waggle Pick","mana":4}},{"player":"me","turn":4,"card":{"id":"CS2_034","name":"Fireblast","mana":2}},{"player":"opponent","turn":4,"card":{"id":"DAL_416","name":"Hench-Clan Burglar","mana":4}},{"player":"opponent","turn":4,"card":{"id":"EX1_144","name":"Shadowstep","mana":0}},{"player":"me","turn":5,"card":{"id":"EX1_105","name":"Mountain Giant","mana":12}},{"player":"opponent","turn":5,"card":{"id":"CS2_003","name":"Mind Vision","mana":1}},{"player":"opponent","turn":5,"card":{"id":"DAL_416","name":"Hench-Clan Burglar","mana":4}},{"player":"opponent","turn":5,"card":{"id":"EX1_581","name":"Sap","mana":2}},{"player":"me","turn":6,"card":{"id":"CS2_023","name":"Arcane Intellect","mana":3}},{"player":"me","turn":6,"card":{"id":"EX1_105","name":"Mountain Giant","mana":12}},{"player":"opponent","turn":6,"card":{"id":"DAL_608","name":"Magic Trick","mana":1}},{"player":"opponent","turn":6,"card":{"id":"EX1_124","name":"Eviscerate","mana":2}},{"player":"opponent","turn":6,"card":{"id":"EX1_124","name":"Eviscerate","mana":2}},{"player":"me","turn":7,"card":{"id":"EX1_608","name":"Sorcerer's Apprentice","mana":2}},{"player":"me","turn":7,"card":{"id":"DAL_608","name":"Magic Trick","mana":1}},{"player":"me","turn":7,"card":{"id":"DAL_608","name":"Magic Trick","mana":1}},{"player":"me","turn":7,"card":{"id":"EX1_180","name":"Tome of Intellect","mana":1}},{"player":"me","turn":7,"card":{"id":"CS2_027","name":"Mirror Image","mana":1}},{"player":"me","turn":7,"card":{"id":"TRL_310","name":"Elemental Evocation","mana":0}},{"player":"me","turn":7,"card":{"id":"DAL_575","name":"Khadgar","mana":2}},{"player":"me","turn":7,"card":{"id":"DAL_603","name":"Mana Cyclone","mana":2}},{"player":"me","turn":7,"card":{"id":"CS2_024","name":"Frostbolt","mana":2}},{"player":"me","turn":7,"card":{"id":"DAL_177","name":"Conjurer's Calling","mana":3}},{"player":"opponent","turn":7,"card":{"id":"DAL_416","name":"Hench-Clan Burglar","mana":4}},{"player":"opponent","turn":7,"card":{"id":"EX1_134","name":"SI:7 Agent","mana":3}},{"player":"opponent","turn":7,"card":{"id":"DAL_400","name":"EVIL Cable Rat","mana":2}},{"player":"me","turn":8,"card":{"id":"EX1_586","name":"Sea Giant","mana":10}},{"player":"me","turn":8,"card":{"id":"DAL_577","name":"Ray of Frost","mana":1}},{"player":"me","turn":8,"card":{"id":"DAL_577ts","name":"Ray of Frost","mana":1}},{"player":"me","turn":8,"card":{"id":"EX1_277","name":"Arcane Missiles","mana":1}},{"player":"me","turn":8,"card":{"id":"DAL_177ts","name":"Conjurer's Calling","mana":3}},{"player":"me","turn":8,"card":{"id":"GIL_801","name":"Snap Freeze","mana":2}},{"player":"me","turn":8,"card":{"id":"CS2_034","name":"Fireblast","mana":2}},{"player":"opponent","turn":8,"card":{"id":"DAL_577ts","name":"Ray of Frost","mana":1}},{"player":"opponent","turn":8,"card":{"id":"DAL_577","name":"Ray of Frost","mana":1}},{"player":"opponent","turn":8,"card":{"id":"TRL_092","name":"Spirit of the Shark","mana":4}},{"player":"opponent","turn":8,"card":{"id":"GIL_801","name":"Snap Freeze","mana":2}},{"player":"me","turn":9,"card":{"id":"DAL_577","name":"Ray of Frost","mana":1}},{"player":"me","turn":9,"card":{"id":"DAL_577ts","name":"Ray of Frost","mana":1}},{"player":"me","turn":9,"card":{"id":"DAL_577ts","name":"Ray of Frost","mana":1}},{"player":"me","turn":9,"card":{"id":"TRL_509","name":"Banana Buffoon","mana":3}},{"player":"me","turn":9,"card":{"id":"TRL_509t","name":"Bananas","mana":1}},{"player":"me","turn":9,"card":{"id":"TRL_509t","name":"Bananas","mana":1}},{"player":"me","turn":9,"card":{"id":"DAL_603","name":"Mana Cyclone","mana":2}},{"player":"me","turn":9,"card":{"id":"CS2_025","name":"Arcane Explosion","mana":2}},{"player":"me","turn":9,"card":{"id":"EX1_277","name":"Arcane Missiles","mana":1}},{"player":"me","turn":9,"card":{"id":"CS2_034","name":"Fireblast","mana":2}},{"player":"opponent","turn":9,"card":{"id":"DAL_577ts","name":"Ray of Frost","mana":1}},{"player":"opponent","turn":9,"card":{"id":"DAL_577","name":"Ray of Frost","mana":1}},{"player":"opponent","turn":9,"card":{"id":"DAL_577ts","name":"Ray of Frost","mana":1}},{"player":"opponent","turn":9,"card":{"id":"GIL_827","name":"Blink Fox","mana":3}},{"player":"opponent","turn":9,"card":{"id":"DAL_615","name":"Witchy Lackey","mana":1}},{"player":"opponent","turn":9,"card":{"id":"EX1_277","name":"Arcane Missiles","mana":1}},{"player":"opponent","turn":9,"card":{"id":"DAL_577ts","name":"Ray of Frost","mana":1}},{"player":"me","turn":10,"card":{"id":"EX1_279","name":"Pyroblast","mana":10}}]},{"user_hash":"27B559DDB030E30F5548BC78CE3ACC6F","region":"Americas","id":125704502,"mode":"ranked","hero":"Mage","hero_deck":"Secret","opponent":"Hunter","opponent_deck":"Midrange","coin":false,"result":"win","duration":257,"rank":6,"legend":null,"note":null,"added":"2019-07-18T02:41:54Z","card_history":[{"player":"me","turn":2,"card":{"id":"DAL_575","name":"Khadgar","mana":2}},{"player":"opponent","turn":2,"card":{"id":"BOT_309","name":"Upgradeable Framebot","mana":2}},{"player":"me","turn":3,"card":{"id":"EX1_608","name":"Sorcerer's Apprentice","mana":2}},{"player":"me","turn":3,"card":{"id":"DAL_577","name":"Ray of Frost","mana":1}},{"player":"opponent","turn":3,"card":{"id":"BOT_907","name":"Galvanizer","mana":2}},{"player":"me","turn":4,"card":{"id":"DAL_608","name":"Magic Trick","mana":1}},{"player":"me","turn":4,"card":{"id":"DAL_177","name":"Conjurer's Calling","mana":3}},{"player":"me","turn":4,"card":{"id":"CS2_034","name":"Fireblast","mana":2}},{"player":"opponent","turn":4,"card":{"id":"BOT_532","name":"Explodinator","mana":4}},{"player":"opponent","turn":4,"card":{"id":"BOT_445","name":"Mecharoo","mana":1}},{"player":"me","turn":5,"card":{"id":"CS2_023","name":"Arcane Intellect","mana":3}},{"player":"me","turn":5,"card":{"id":"EX1_586","name":"Sea Giant","mana":10}},{"player":"opponent","turn":5,"card":{"id":"BOT_251","name":"Spider Bomb","mana":3}},{"player":"opponent","turn":5,"card":{"id":"BOT_038","name":"Fireworks Tech","mana":2}},{"player":"opponent","turn":5,"card":{"id":"GAME_005","name":"The Coin","mana":0}},{"player":"opponent","turn":5,"card":{"id":"BOT_038","name":"Fireworks Tech","mana":2}},{"player":"me","turn":6,"card":{"id":"CS2_026","name":"Frost Nova","mana":3}},{"player":"me","turn":6,"card":{"id":"DAL_177ts","name":"Conjurer's Calling","mana":3}},{"player":"opponent","turn":6,"card":{"id":"DAL_604","name":"Ursatron","mana":3}},{"player":"opponent","turn":6,"card":{"id":"BOT_033","name":"Bomb Toss","mana":2}},{"player":"me","turn":7,"card":{"id":"CS2_034","name":"Fireblast","mana":2}}]},{"user_hash":"98D139BEAF5AE0FFDF0DB6F833114305","region":"Americas","id":125704590,"mode":"ranked","hero":"Druid","hero_deck":"Jade","opponent":"Hunter","opponent_deck":null,"coin":true,"result":"win","duration":788,"rank":13,"legend":null,"note":null,"added":"2019-07-18T03:08:57Z","card_history":[{"player":"me","turn":1,"card":{"id":"CFM_602","name":"Jade Idol","mana":1}},{"player":"opponent","turn":2,"card":{"id":"BOT_033","name":"Bomb Toss","mana":2}},{"player":"opponent","turn":3,"card":{"id":"BOT_038","name":"Fireworks Tech","mana":2}},{"player":"opponent","turn":4,"card":{"id":"BOT_431","name":"Whirliglider","mana":2}},{"player":"opponent","turn":4,"card":{"id":"ICC_052","name":"Play Dead","mana":1}},{"player":"me","turn":4,"card":{"id":"OG_044","name":"Fandral Staghelm","mana":4}},{"player":"opponent","turn":5,"card":{"id":"GIL_518","name":"Wing Blast","mana":4}},{"player":"opponent","turn":5,"card":{"id":"BOT_700","name":"SN1P-SN4P","mana":3}},{"player":"me","turn":5,"card":{"id":"GAME_005","name":"The Coin","mana":0}},{"player":"me","turn":5,"card":{"id":"CFM_343","name":"Jade Behemoth","mana":6}},{"player":"opponent","turn":6,"card":{"id":"BOT_033","name":"Bomb Toss","mana":2}},{"player":"opponent","turn":6,"card":{"id":"BOT_035","name":"Venomizer","mana":2}},{"player":"opponent","turn":6,"card":{"id":"DS1h_292","name":"Steady Shot","mana":2}},{"player":"me","turn":6,"card":{"id":"CFM_343","name":"Jade Behemoth","mana":6}},{"player":"opponent","turn":7,"card":{"id":"ICC_828","name":"Deathstalker Rexxar","mana":6}},{"player":"me","turn":7,"card":{"id":"CS2_012","name":"Swipe","mana":4}},{"player":"opponent","turn":8,"card":{"id":"EX1_009","name":"Angry Chicken","mana":1}},{"player":"opponent","turn":8,"card":{"id":"LOOT_222","name":"Candleshot","mana":1}},{"player":"me","turn":8,"card":{"id":"GIL_637","name":"Ferocious Howl","mana":3}},{"player":"me","turn":8,"card":{"id":"LOOT_054","name":"Branching Paths","mana":4}},{"player":"me","turn":8,"card":{"id":"LOOT_051t2","name":"Greater Jasper Spellstone","mana":1}},{"player":"opponent","turn":9,"card":{"id":"BOT_532","name":"Explodinator","mana":4}},{"player":"me","turn":9,"card":{"id":"ICC_832","name":"Malfurion the Pestilent","mana":7}},{"player":"opponent","turn":10,"card":{"id":"DS1_184","name":"Tracking","mana":1}},{"player":"opponent","turn":10,"card":{"id":"GVG_048","name":"Metaltooth Leaper","mana":3}},{"player":"opponent","turn":10,"card":{"id":"UNG_914","name":"Raptor Hatchling","mana":1}},{"player":"me","turn":10,"card":{"id":"CFM_902","name":"Aya Blackpaw","mana":6}},{"player":"opponent","turn":11,"card":{"id":"EX1_617","name":"Deadly Shot","mana":3}},{"player":"opponent","turn":11,"card":{"id":"BRM_014","name":"Core Rager","mana":4}},{"player":"me","turn":11,"card":{"id":"GIL_637","name":"Ferocious Howl","mana":3}},{"player":"me","turn":11,"card":{"id":"DAL_539","name":"Sunreaver Warmage","mana":5}},{"player":"opponent","turn":12,"card":{"id":"EX1_617","name":"Deadly Shot","mana":3}},{"player":"me","turn":12,"card":{"id":"ICC_085","name":"Ultimate Infestation","mana":10}},{"player":"opponent","turn":13,"card":{"id":"CS2_084","name":"Hunter's Mark","mana":2}},{"player":"opponent","turn":13,"card":{"id":"AT_108","name":"Armored Warhorse","mana":4}},{"player":"me","turn":13,"card":{"id":"LOOT_309","name":"Oaken Summons","mana":4}},{"player":"me","turn":13,"card":{"id":"DAL_558","name":"Archmage Vargoth","mana":4}},{"player":"me","turn":13,"card":{"id":"CFM_602","name":"Jade Idol","mana":1}},{"player":"opponent","turn":14,"card":{"id":"NEW1_031","name":"Animal Companion","mana":3}},{"player":"opponent","turn":14,"card":{"id":"CFM_316","name":"Rat Pack","mana":3}},{"player":"me","turn":14,"card":{"id":"ICC_054","name":"Spreading Plague","mana":6}},{"player":"opponent","turn":15,"card":{"id":"AT_090","name":"Mukla's Champion","mana":5}},{"player":"me","turn":15,"card":{"id":"LOOT_051t2","name":"Greater Jasper Spellstone","mana":1}},{"player":"me","turn":15,"card":{"id":"LOOT_054","name":"Branching Paths","mana":4}},{"player":"me","turn":15,"card":{"id":"CFM_602","name":"Jade Idol","mana":1}}]},{"user_hash":"98D139BEAF5AE0FFDF0DB6F833114305","region":"Americas","id":125704545,"mode":"ranked","hero":"Mage","hero_deck":"Secret","opponent":"Hunter","opponent_deck":"Face","coin":true,"result":"win","duration":243,"rank":13,"legend":null,"note":null,"added":"2019-07-18T02:55:27Z","card_history":[{"player":"me","turn":2,"card":{"id":"EX1_608","name":"Sorcerer's Apprentice","mana":2}},{"player":"me","turn":2,"card":{"id":"GAME_005","name":"The Coin","mana":0}},{"player":"me","turn":2,"card":{"id":"tt_010","name":"Spellbender","mana":3}},{"player":"me","turn":2,"card":{"id":"LOOT_108","name":"Aluneth","mana":6}},{"player":"me","turn":3,"card":{"id":"CFM_066","name":"Kabal Lackey","mana":1}},{"player":"me","turn":3,"card":{"id":"LOE_002","name":"Forgotten Torch","mana":3}},{"player":"opponent","turn":4,"card":{"id":"CS2_234","name":"Shadow Word: Pain","mana":2}},{"player":"opponent","turn":4,"card":{"id":"CS1h_001","name":"Lesser Heal","mana":2}},{"player":"me","turn":4,"card":{"id":"FP1_004","name":"Mad Scientist","mana":2}},{"player":"opponent","turn":5,"card":{"id":"GIL_826","name":"Baku the Mooneater","mana":9}},{"player":"opponent","turn":5,"card":{"id":"CS1h_001","name":"Lesser Heal","mana":2}},{"player":"me","turn":5,"card":{"id":"UNG_941","name":"Primordial Glyph","mana":2}},{"player":"me","turn":5,"card":{"id":"CS2_034","name":"Fireblast","mana":2}},{"player":"opponent","turn":6,"card":{"id":"TRL_258","name":"Mass Hysteria","mana":5}},{"player":"me","turn":6,"card":{"id":"tt_010","name":"Spellbender","mana":3}},{"player":"me","turn":6,"card":{"id":"CS2_034","name":"Fireblast","mana":2}},{"player":"opponent","turn":7,"card":{"id":"NEW1_031","name":"Animal Companion","mana":3}},{"player":"me","turn":7,"card":{"id":"LOE_002","name":"Forgotten Torch","mana":3}},{"player":"me","turn":7,"card":{"id":"CS2_034","name":"Fireblast","mana":2}},{"player":"opponent","turn":8,"card":{"id":"ICC_213","name":"Eternal Servitude","mana":4}},{"player":"opponent","turn":8,"card":{"id":"CS1h_001","name":"Lesser Heal","mana":2}},{"player":"me","turn":8,"card":{"id":"EX1_287","name":"Counterspell","mana":3}},{"player":"me","turn":8,"card":{"id":"CS2_034","name":"Fireblast","mana":2}},{"player":"me","turn":8,"card":{"id":"EX1_295","name":"Ice Block","mana":3}},{"player":"opponent","turn":9,"card":{"id":"UNG_963","name":"Lyra the Sunshard","mana":5}},{"player":"opponent","turn":9,"card":{"id":"CS2_tk1","name":"Sheep","mana":1}},{"player":"me","turn":9,"card":{"id":"UNG_955","name":"Meteor","mana":6}},{"player":"me","turn":9,"card":{"id":"KAR_092","name":"Medivh's Valet","mana":2}},{"player":"me","turn":9,"card":{"id":"CS2_034","name":"Fireblast","mana":2}},{"player":"opponent","turn":10,"card":{"id":"BOT_548","name":"Zilliax","mana":5}},{"player":"opponent","turn":10,"card":{"id":"EX1_008","name":"Argent Squire","mana":1}},{"player":"me","turn":10,"card":{"id":"EX1_287","name":"Counterspell","mana":3}},{"player":"me","turn":10,"card":{"id":"CS2_034","name":"Fireblast","mana":2}},{"player":"opponent","turn":11,"card":{"id":"EX1_029","name":"Leper Gnome","mana":1}},{"player":"opponent","turn":11,"card":{"id":"AT_087","name":"Argent Horserider","mana":3}},{"player":"me","turn":11,"card":{"id":"CS2_029","name":"Fireball","mana":4}},{"player":"me","turn":11,"card":{"id":"KAR_092","name":"Medivh's Valet","mana":2}},{"player":"me","turn":11,"card":{"id":"CS2_034","name":"Fireblast","mana":2}},{"player":"opponent","turn":1,"card":{"id":"DAL_587","name":"Shimmerfly","mana":1}},{"player":"me","turn":1,"card":{"id":"GAME_005","name":"The Coin","mana":0}},{"player":"me","turn":1,"card":{"id":"FP1_004","name":"Mad Scientist","mana":2}},{"player":"opponent","turn":2,"card":{"id":"DS1h_292_H1_AT_132","name":"Ballista Shot","mana":2}},{"player":"me","turn":2,"card":{"id":"UNG_020","name":"Arcanologist","mana":2}},{"player":"opponent","turn":3,"card":{"id":"AT_087","name":"Argent Horserider","mana":3}},{"player":"me","turn":3,"card":{"id":"tt_010","name":"Spellbender","mana":3}},{"player":"opponent","turn":4,"card":{"id":"EX1_008","name":"Argent Squire","mana":1}},{"player":"opponent","turn":4,"card":{"id":"NEW1_031","name":"Animal Companion","mana":3}},{"player":"me","turn":4,"card":{"id":"EX1_287","name":"Counterspell","mana":3}},{"player":"me","turn":4,"card":{"id":"CS2_034","name":"Fireblast","mana":2}},{"player":"me","turn":4,"card":{"id":"FP1_004","name":"Mad Scientist","mana":2}},{"player":"opponent","turn":5,"card":{"id":"EX1_029","name":"Leper Gnome","mana":1}},{"player":"opponent","turn":5,"card":{"id":"DS1h_292_H1_AT_132","name":"Ballista Shot","mana":2}},{"player":"opponent","turn":5,"card":{"id":"UNG_809","name":"Fire Fly","mana":1}},{"player":"opponent","turn":5,"card":{"id":"UNG_809t1","name":"Flame Elemental","mana":1}},{"player":"me","turn":5,"card":{"id":"CFM_620","name":"Potion of Polymorph","mana":3}},{"player":"me","turn":5,"card":{"id":"CFM_760","name":"Kabal Crystal Runner","mana":6}},{"player":"opponent","turn":6,"card":{"id":"DS1h_292_H1_AT_132","name":"Ballista Shot","mana":2}},{"player":"opponent","turn":6,"card":{"id":"CS2_tk1","name":"Sheep","mana":1}},{"player":"me","turn":6,"card":{"id":"CFM_760","name":"Kabal Crystal Runner","mana":6}},{"player":"me","turn":6,"card":{"id":"KAR_092","name":"Medivh's Valet","mana":2}},{"player":"me","turn":6,"card":{"id":"CS2_034","name":"Fireblast","mana":2}},{"player":"opponent","turn":7,"card":{"id":"EX1_538","name":"Unleash the Hounds","mana":3}},{"player":"opponent","turn":7,"card":{"id":"DS1h_292_H1_AT_132","name":"Ballista Shot","mana":2}},{"player":"me","turn":7,"card":{"id":"CS2_029","name":"Fireball","mana":4}},{"player":"me","turn":7,"card":{"id":"CS2_024","name":"Frostbolt","mana":2}}]},{"user_hash":"A291E82C4070D38FB127D2A8481A505A","region":"Europe","id":125711411,"mode":"ranked","hero":"Warrior","hero_deck":"Taunt","opponent":"Shaman","opponent_deck":null,"coin":true,"result":"win","duration":1153,"rank":null,"legend":null,"note":null,"added":"2019-07-18T22:06:14Z","card_history":[{"player":"opponent","turn":1,"card":{"id":"EX1_508","name":"Grimscale Oracle","mana":1}},{"player":"me","turn":1,"card":{"id":"BOT_059","name":"Eternium Rover","mana":1}},{"player":"opponent","turn":2,"card":{"id":"DAL_049","name":"Underbelly Angler","mana":2}},{"player":"me","turn":2,"card":{"id":"GAME_005","name":"The Coin","mana":0}},{"player":"me","turn":2,"card":{"id":"CS2_203","name":"Ironbeak Owl","mana":3}},{"player":"opponent","turn":3,"card":{"id":"DAL_433","name":"Sludge Slurper","mana":1}},{"player":"opponent","turn":3,"card":{"id":"DAL_614","name":"Kobold Lackey","mana":1}},{"player":"me","turn":3,"card":{"id":"GIL_580","name":"Town Crier","mana":1}},{"player":"me","turn":3,"card":{"id":"CS2_102","name":"Armor Up!","mana":2}},{"player":"opponent","turn":4,"card":{"id":"EX1_103","name":"Coldlight Seer","mana":3}},{"player":"me","turn":4,"card":{"id":"GIL_803","name":"Militia Commander","mana":4}},{"player":"opponent","turn":5,"card":{"id":"EX1_507","name":"Murloc Warleader","mana":3}},{"player":"opponent","turn":5,"card":{"id":"DAL_710","name":"Soul of the Murloc","mana":2}},{"player":"me","turn":5,"card":{"id":"GIL_580","name":"Town Crier","mana":1}},{"player":"me","turn":5,"card":{"id":"EX1_606","name":"Shield Block","mana":3}},{"player":"opponent","turn":6,"card":{"id":"CS2_046","name":"Bloodlust","mana":5}},{"player":"me","turn":6,"card":{"id":"GIL_654","name":"Warpath","mana":2}},{"player":"me","turn":6,"card":{"id":"GIL_654","name":"Warpath","mana":2}},{"player":"me","turn":6,"card":{"id":"GIL_654","name":"Warpath","mana":2}},{"player":"opponent","turn":7,"card":{"id":"EX1_507","name":"Murloc Warleader","mana":3}},{"player":"opponent","turn":7,"card":{"id":"CS2_049","name":"Totemic Call","mana":2}},{"player":"me","turn":7,"card":{"id":"BOT_548","name":"Zilliax","mana":5}},{"player":"me","turn":7,"card":{"id":"CS2_102","name":"Armor Up!","mana":2}},{"player":"opponent","turn":8,"card":{"id":"EX1_245","name":"Earth Shock","mana":1}},{"player":"opponent","turn":8,"card":{"id":"EX1_506","name":"Murloc Tidehunter","mana":2}},{"player":"opponent","turn":8,"card":{"id":"CS2_049","name":"Totemic Call","mana":2}},{"player":"me","turn":8,"card":{"id":"GIL_803","name":"Militia Commander","mana":4}},{"player":"me","turn":8,"card":{"id":"EX1_007","name":"Acolyte of Pain","mana":3}},{"player":"opponent","turn":9,"card":{"id":"EX1_506","name":"Murloc Tidehunter","mana":2}},{"player":"opponent","turn":9,"card":{"id":"DAL_077","name":"Toxfin","mana":1}},{"player":"opponent","turn":9,"card":{"id":"CS2_049","name":"Totemic Call","mana":2}},{"player":"me","turn":9,"card":{"id":"EX1_407","name":"Brawl","mana":5}},{"player":"me","turn":9,"card":{"id":"CS2_102","name":"Armor Up!","mana":2}},{"player":"me","turn":9,"card":{"id":"BOT_059","name":"Eternium Rover","mana":1}},{"player":"opponent","turn":10,"card":{"id":"CS2_049","name":"Totemic Call","mana":2}},{"player":"me","turn":10,"card":{"id":"DAL_752","name":"Jepetto Joybuzz","mana":8}},{"player":"me","turn":10,"card":{"id":"CS2_102","name":"Armor Up!","mana":2}},{"player":"opponent","turn":11,"card":{"id":"DAL_087","name":"Hench-Clan Hag","mana":4}},{"player":"opponent","turn":11,"card":{"id":"CS2_049","name":"Totemic Call","mana":2}},{"player":"me","turn":11,"card":{"id":"DAL_770","name":"Omega Devastator","mana":4}},{"player":"me","turn":11,"card":{"id":"CS2_102","name":"Armor Up!","mana":2}},{"player":"opponent","turn":12,"card":{"id":"DAL_431","name":"Swampqueen Hagatha","mana":7}},{"player":"opponent","turn":12,"card":{"id":"CS2_049","name":"Totemic Call","mana":2}},{"player":"me","turn":12,"card":{"id":"BOT_424","name":"Mecha'thun","mana":10}},{"player":"opponent","turn":13,"card":{"id":"CS2_049","name":"Totemic Call","mana":2}},{"player":"opponent","turn":13,"card":{"id":"TRL_300","name":"Shirvallah, the Tiger","mana":25}},{"player":"opponent","turn":13,"card":{"id":"EX1_558","name":"Harrison Jones","mana":5}},{"player":"opponent","turn":13,"card":{"id":"CS2_046","name":"Bloodlust","mana":5}},{"player":"me","turn":13,"card":{"id":"EX1_407","name":"Brawl","mana":5}},{"player":"me","turn":13,"card":{"id":"DAL_770","name":"Omega Devastator","mana":4}},{"player":"me","turn":13,"card":{"id":"EX1_410","name":"Shield Slam","mana":1}},{"player":"me","turn":13,"card":{"id":"CS2_102","name":"Armor Up!","mana":2}},{"player":"opponent","turn":14,"card":{"id":"GIL_504","name":"Hagatha the Witch","mana":8}},{"player":"me","turn":14,"card":{"id":"BOT_238","name":"Dr. Boom, Mad Genius","mana":7}},{"player":"me","turn":14,"card":{"id":"BOT_042","name":"Weapons Project","mana":2}},{"player":"me","turn":14,"card":{"id":"EX1_558","name":"Harrison Jones","mana":5}},{"player":"opponent","turn":15,"card":{"id":"DAL_743","name":"Hench-Clan Hogsteed","mana":2}},{"player":"opponent","turn":15,"card":{"id":"TRL_520","name":"Murloc Tastyfin","mana":4}},{"player":"me","turn":15,"card":{"id":"BOT_104","name":"Dyn-o-matic","mana":5}},{"player":"me","turn":15,"card":{"id":"EX1_007","name":"Acolyte of Pain","mana":3}},{"player":"me","turn":15,"card":{"id":"EX1_410","name":"Shield Slam","mana":1}},{"player":"opponent","turn":16,"card":{"id":"DAL_049","name":"Underbelly Angler","mana":2}},{"player":"opponent","turn":16,"card":{"id":"EX1_103","name":"Coldlight Seer","mana":3}},{"player":"opponent","turn":16,"card":{"id":"EX1_508","name":"Grimscale Oracle","mana":1}},{"player":"opponent","turn":16,"card":{"id":"EX1_507","name":"Murloc Warleader","mana":3}},{"player":"opponent","turn":16,"card":{"id":"EX1_508","name":"Grimscale Oracle","mana":1}},{"player":"me","turn":16,"card":{"id":"EX1_606","name":"Shield Block","mana":3}},{"player":"me","turn":16,"card":{"id":"BOT_042","name":"Weapons Project","mana":2}},{"player":"me","turn":16,"card":{"id":"GIL_654","name":"Warpath","mana":2}},{"player":"me","turn":16,"card":{"id":"GIL_654","name":"Warpath","mana":2}},{"player":"opponent","turn":17,"card":{"id":"EX1_509","name":"Murloc Tidecaller","mana":1}},{"player":"opponent","turn":17,"card":{"id":"DAL_087","name":"Hench-Clan Hag","mana":4}},{"player":"opponent","turn":17,"card":{"id":"TRL_520","name":"Murloc Tastyfin","mana":4}},{"player":"opponent","turn":17,"card":{"id":"EX1_245","name":"Earth Shock","mana":1}},{"player":"me","turn":17,"card":{"id":"TRL_537","name":"Da Undatakah","mana":8}},{"player":"me","turn":17,"card":{"id":"EX1_607","name":"Inner Rage","mana":0}},{"player":"me","turn":17,"card":{"id":"TRL_321","name":"Devastate","mana":1}}]},{"user_hash":"A291E82C4070D38FB127D2A8481A505A","region":"Europe","id":125711265,"mode":"ranked","hero":"Warrior","hero_deck":"Taunt","opponent":"Shaman","opponent_deck":null,"coin":true,"result":"win","duration":1496,"rank":null,"legend":null,"note":null,"added":"2019-07-18T21:43:31Z","card_history":[{"player":"me","turn":2,"card":{"id":"CS2_102","name":"Armor Up!","mana":2}},{"player":"me","turn":3,"card":{"id":"GIL_580","name":"Town Crier","mana":1}},{"player":"me","turn":3,"card":{"id":"CS2_102","name":"Armor Up!","mana":2}},{"player":"opponent","turn":4,"card":{"id":"TRL_520","name":"Murloc Tastyfin","mana":4}},{"player":"me","turn":4,"card":{"id":"GIL_803","name":"Militia Commander","mana":4}},{"player":"opponent","turn":5,"card":{"id":"EX1_507","name":"Murloc Warleader","mana":3}},{"player":"opponent","turn":5,"card":{"id":"EX1_506","name":"Murloc Tidehunter","mana":2}},{"player":"me","turn":5,"card":{"id":"BOT_548","name":"Zilliax","mana":5}},{"player":"opponent","turn":6,"card":{"id":"EX1_509","name":"Murloc Tidecaller","mana":1}},{"player":"opponent","turn":6,"card":{"id":"EX1_506","name":"Murloc Tidehunter","mana":2}},{"player":"me","turn":6,"card":{"id":"EX1_007","name":"Acolyte of Pain","mana":3}},{"player":"me","turn":6,"card":{"id":"GIL_654","name":"Warpath","mana":2}},{"player":"me","turn":6,"card":{"id":"GAME_005","name":"The Coin","mana":0}},{"player":"me","turn":6,"card":{"id":"GIL_654","name":"Warpath","mana":2}},{"player":"opponent","turn":7,"card":{"id":"DAL_431","name":"Swampqueen Hagatha","mana":7}},{"player":"me","turn":7,"card":{"id":"EX1_606","name":"Shield Block","mana":3}},{"player":"me","turn":7,"card":{"id":"EX1_606","name":"Shield Block","mana":3}},{"player":"me","turn":7,"card":{"id":"EX1_410","name":"Shield Slam","mana":1}},{"player":"opponent","turn":8,"card":{"id":"GIL_504","name":"Hagatha the Witch","mana":8}},{"player":"me","turn":8,"card":{"id":"BOT_238","name":"Dr. Boom, Mad Genius","mana":7}},{"player":"opponent","turn":9,"card":{"id":"EX1_507","name":"Murloc Warleader","mana":3}},{"player":"opponent","turn":9,"card":{"id":"DAL_077","name":"Toxfin","mana":1}},{"player":"opponent","turn":9,"card":{"id":"DAL_710","name":"Soul of the Murloc","mana":2}},{"player":"opponent","turn":9,"card":{"id":"DAL_710","name":"Soul of the Murloc","mana":2}},{"player":"me","turn":9,"card":{"id":"EX1_410","name":"Shield Slam","mana":1}},{"player":"me","turn":9,"card":{"id":"BOT_042","name":"Weapons Project","mana":2}},{"player":"me","turn":9,"card":{"id":"BOT_104","name":"Dyn-o-matic","mana":5}},{"player":"opponent","turn":10,"card":{"id":"GIL_820","name":"Shudderwock","mana":9}},{"player":"me","turn":10,"card":{"id":"BOT_406","name":"Supercollider","mana":5}},{"player":"opponent","turn":11,"card":{"id":"NEW1_029","name":"Millhouse Manastorm","mana":2}},{"player":"opponent","turn":11,"card":{"id":"DAL_433","name":"Sludge Slurper","mana":1}},{"player":"opponent","turn":11,"card":{"id":"GIL_600","name":"Zap!","mana":0}},{"player":"opponent","turn":11,"card":{"id":"DAL_064","name":"Blastmaster Boom","mana":7}},{"player":"opponent","turn":11,"card":{"id":"TRL_058","name":"Haunting Visions","mana":3}},{"player":"opponent","turn":11,"card":{"id":"CS2_045","name":"Rockbiter Weapon","mana":2}},{"player":"me","turn":11,"card":{"id":"EX1_407","name":"Brawl","mana":5}},{"player":"opponent","turn":11,"card":{"id":"DAL_077","name":"Toxfin","mana":1}},{"player":"opponent","turn":12,"card":{"id":"TRL_541","name":"Hakkar, the Soulflayer","mana":10}},{"player":"opponent","turn":12,"card":{"id":"BOT_245","name":"The Storm Bringer","mana":6}},{"player":"me","turn":12,"card":{"id":"BOT_059","name":"Eternium Rover","mana":1}},{"player":"opponent","turn":13,"card":{"id":"TRL_351","name":"Rain of Toads","mana":6}},{"player":"opponent","turn":13,"card":{"id":"DAL_433","name":"Sludge Slurper","mana":1}},{"player":"opponent","turn":13,"card":{"id":"GIL_600","name":"Zap!","mana":0}},{"player":"opponent","turn":13,"card":{"id":"DAL_614","name":"Kobold Lackey","mana":1}},{"player":"me","turn":13,"card":{"id":"DAL_770","name":"Omega Devastator","mana":4}},{"player":"me","turn":13,"card":{"id":"DAL_770","name":"Omega Devastator","mana":4}},{"player":"opponent","turn":14,"card":{"id":"EX1_259","name":"Lightning Storm","mana":3}},{"player":"opponent","turn":14,"card":{"id":"GIL_586","name":"Earthen Might","mana":2}},{"player":"me","turn":14,"card":{"id":"BOT_069","name":"The Boomship","mana":9}},{"player":"me","turn":14,"card":{"id":"EX1_563","name":"Malygos","mana":9}},{"player":"me","turn":14,"card":{"id":"BOT_424","name":"Mecha'thun","mana":10}},{"player":"me","turn":14,"card":{"id":"BOT_237","name":"Beryllium Nullifier","mana":7}},{"player":"opponent","turn":15,"card":{"id":"EX1_245","name":"Earth Shock","mana":1}},{"player":"opponent","turn":15,"card":{"id":"DAL_049","name":"Underbelly Angler","mana":2}},{"player":"opponent","turn":15,"card":{"id":"DAL_431t","name":"Drustvar Horror","mana":5}},{"player":"me","turn":15,"card":{"id":"EX1_607","name":"Inner Rage","mana":0}},{"player":"me","turn":15,"card":{"id":"EX1_007","name":"Acolyte of Pain","mana":3}},{"player":"opponent","turn":16,"card":{"id":"BOT_451","name":"Voltaic Burst","mana":1}},{"player":"opponent","turn":16,"card":{"id":"CS2_046","name":"Bloodlust","mana":5}},{"player":"opponent","turn":16,"card":{"id":"DAL_049","name":"Underbelly Angler","mana":2}},{"player":"opponent","turn":16,"card":{"id":"BOT_246","name":"Beakered Lightning","mana":0}},{"player":"opponent","turn":16,"card":{"id":"EX1_251","name":"Forked Lightning","mana":1}},{"player":"opponent","turn":16,"card":{"id":"EX1_251","name":"Forked Lightning","mana":1}},{"player":"me","turn":16,"card":{"id":"GIL_803","name":"Militia Commander","mana":4}},{"player":"me","turn":16,"card":{"id":"GIL_580","name":"Town Crier","mana":1}},{"player":"me","turn":16,"card":{"id":"EX1_558","name":"Harrison Jones","mana":5}},{"player":"me","turn":16,"card":{"id":"EX1_607","name":"Inner Rage","mana":0}},{"player":"opponent","turn":17,"card":{"id":"EX1_103","name":"Coldlight Seer","mana":3}},{"player":"opponent","turn":17,"card":{"id":"DAL_071","name":"Mutate","mana":0}}]},{"user_hash":"A291E82C4070D38FB127D2A8481A505A","region":"Europe","id":125711089,"mode":"ranked","hero":"Warrior","hero_deck":"Taunt","opponent":"Warrior","opponent_deck":"Taunt","coin":false,"result":"win","duration":1136,"rank":null,"legend":null,"note":null,"added":"2019-07-18T21:18:00Z","card_history":[{"player":"opponent","turn":1,"card":{"id":"GIL_580","name":"Town Crier","mana":1}},{"player":"me","turn":2,"card":{"id":"CS2_102","name":"Armor Up!","mana":2}},{"player":"opponent","turn":2,"card":{"id":"CS2_102_H1","name":"Armor Up!","mana":2}},{"player":"me","turn":3,"card":{"id":"CS2_102","name":"Armor Up!","mana":2}},{"player":"opponent","turn":3,"card":{"id":"EX1_606","name":"Shield Block","mana":3}},{"player":"me","turn":4,"card":{"id":"CS2_102","name":"Armor Up!","mana":2}},{"player":"opponent","turn":4,"card":{"id":"EX1_606","name":"Shield Block","mana":3}},{"player":"me","turn":5,"card":{"id":"BOT_104","name":"Dyn-o-matic","mana":5}},{"player":"opponent","turn":5,"card":{"id":"GIL_803","name":"Militia Commander","mana":4}},{"player":"me","turn":6,"card":{"id":"GIL_580","name":"Town Crier","mana":1}},{"player":"me","turn":6,"card":{"id":"GIL_803","name":"Militia Commander","mana":4}},{"player":"opponent","turn":6,"card":{"id":"BOT_559","name":"Augmented Elekk","mana":3}},{"player":"opponent","turn":6,"card":{"id":"DAL_060","name":"Clockwork Goblin","mana":3}},{"player":"me","turn":7,"card":{"id":"GIL_803","name":"Militia Commander","mana":4}},{"player":"me","turn":7,"card":{"id":"CS2_102","name":"Armor Up!","mana":2}},{"player":"opponent","turn":7,"card":{"id":"BOT_238","name":"Dr. Boom, Mad Genius","mana":7}},{"player":"me","turn":8,"card":{"id":"BOT_238","name":"Dr. Boom, Mad Genius","mana":7}},{"player":"opponent","turn":8,"card":{"id":"BOT_559","name":"Augmented Elekk","mana":3}},{"player":"opponent","turn":8,"card":{"id":"DAL_063","name":"Wrenchcalibur","mana":4}},{"player":"me","turn":9,"card":{"id":"BOT_042","name":"Weapons Project","mana":2}},{"player":"me","turn":9,"card":{"id":"EX1_410","name":"Shield Slam","mana":1}},{"player":"me","turn":9,"card":{"id":"EX1_606","name":"Shield Block","mana":3}},{"player":"opponent","turn":9,"card":{"id":"DAL_064","name":"Blastmaster Boom","mana":7}},{"player":"me","turn":10,"card":{"id":"EX1_407","name":"Brawl","mana":5}},{"player":"me","turn":11,"card":{"id":"EX1_007","name":"Acolyte of Pain","mana":3}},{"player":"me","turn":11,"card":{"id":"GIL_654","name":"Warpath","mana":2}},{"player":"me","turn":11,"card":{"id":"GIL_654","name":"Warpath","mana":2}},{"player":"me","turn":11,"card":{"id":"GIL_654","name":"Warpath","mana":2}},{"player":"me","turn":12,"card":{"id":"BOT_406","name":"Supercollider","mana":5}},{"player":"opponent","turn":12,"card":{"id":"GIL_803","name":"Militia Commander","mana":4}},{"player":"me","turn":13,"card":{"id":"BOT_548","name":"Zilliax","mana":5}},{"player":"opponent","turn":13,"card":{"id":"GIL_654","name":"Warpath","mana":2}},{"player":"opponent","turn":13,"card":{"id":"GIL_654","name":"Warpath","mana":2}},{"player":"opponent","turn":13,"card":{"id":"GIL_654","name":"Warpath","mana":2}},{"player":"me","turn":14,"card":{"id":"EX1_007","name":"Acolyte of Pain","mana":3}},{"player":"me","turn":14,"card":{"id":"EX1_410","name":"Shield Slam","mana":1}},{"player":"opponent","turn":14,"card":{"id":"GIL_580","name":"Town Crier","mana":1}},{"player":"me","turn":15,"card":{"id":"BOT_050","name":"Rusty Recycler","mana":5}},{"player":"opponent","turn":15,"card":{"id":"BOT_059","name":"Eternium Rover","mana":1}},{"player":"me","turn":16,"card":{"id":"EX1_407","name":"Brawl","mana":5}},{"player":"opponent","turn":16,"card":{"id":"DAL_063","name":"Wrenchcalibur","mana":4}},{"player":"me","turn":17,"card":{"id":"BOT_042","name":"Weapons Project","mana":2}},{"player":"me","turn":17,"card":{"id":"DAL_770","name":"Omega Devastator","mana":4}},{"player":"me","turn":17,"card":{"id":"GIL_580","name":"Town Crier","mana":1}},{"player":"opponent","turn":17,"card":{"id":"BOT_104","name":"Dyn-o-matic","mana":5}},{"player":"opponent","turn":17,"card":{"id":"GAME_005","name":"The Coin","mana":0}},{"player":"opponent","turn":17,"card":{"id":"DAL_770","name":"Omega Devastator","mana":4}},{"player":"me","turn":18,"card":{"id":"EX1_558","name":"Harrison Jones","mana":5}},{"player":"me","turn":18,"card":{"id":"DAL_770","name":"Omega Devastator","mana":4}},{"player":"opponent","turn":18,"card":{"id":"DAL_770","name":"Omega Devastator","mana":4}},{"player":"opponent","turn":18,"card":{"id":"BOT_104","name":"Dyn-o-matic","mana":5}},{"player":"opponent","turn":18,"card":{"id":"BOT_299","name":"Omega Assembly","mana":1}},{"player":"me","turn":19,"card":{"id":"EX1_606","name":"Shield Block","mana":3}},{"player":"me","turn":19,"card":{"id":"GIL_654","name":"Warpath","mana":2}},{"player":"me","turn":19,"card":{"id":"GIL_654","name":"Warpath","mana":2}},{"player":"opponent","turn":19,"card":{"id":"BOT_218","name":"Security Rover","mana":6}},{"player":"me","turn":20,"card":{"id":"BOT_069","name":"The Boomship","mana":9}},{"player":"me","turn":20,"card":{"id":"BOT_424","name":"Mecha'thun","mana":10}},{"player":"me","turn":20,"card":{"id":"EX1_563","name":"Malygos","mana":9}},{"player":"me","turn":20,"card":{"id":"BOT_104","name":"Dyn-o-matic","mana":5}},{"player":"me","turn":20,"card":{"id":"EX1_607","name":"Inner Rage","mana":0}},{"player":"me","turn":20,"card":{"id":"EX1_607","name":"Inner Rage","mana":0}},{"player":"me","turn":20,"card":{"id":"EX1_400","name":"Whirlwind","mana":1}}]},{"user_hash":"A291E82C4070D38FB127D2A8481A505A","region":"Europe","id":125710951,"mode":"ranked","hero":"Warrior","hero_deck":"Taunt","opponent":"Shaman","opponent_deck":null,"coin":true,"result":"loss","duration":1582,"rank":null,"legend":null,"note":null,"added":"2019-07-18T20:58:41Z","card_history":[{"player":"opponent","turn":1,"card":{"id":"EX1_509","name":"Murloc Tidecaller","mana":1}},{"player":"me","turn":1,"card":{"id":"GIL_580","name":"Town Crier","mana":1}},{"player":"opponent","turn":2,"card":{"id":"DAL_049","name":"Underbelly Angler","mana":2}},{"player":"me","turn":2,"card":{"id":"CS2_102","name":"Armor Up!","mana":2}},{"player":"opponent","turn":3,"card":{"id":"EX1_506","name":"Murloc Tidehunter","mana":2}},{"player":"me","turn":3,"card":{"id":"EX1_007","name":"Acolyte of Pain","mana":3}},{"player":"opponent","turn":4,"card":{"id":"EX1_506","name":"Murloc Tidehunter","mana":2}},{"player":"opponent","turn":4,"card":{"id":"EX1_509","name":"Murloc Tidecaller","mana":1}},{"player":"me","turn":4,"card":{"id":"GIL_654","name":"Warpath","mana":2}},{"player":"me","turn":4,"card":{"id":"GIL_654","name":"Warpath","mana":2}},{"player":"opponent","turn":5,"card":{"id":"BOT_407","name":"Thunderhead","mana":4}},{"player":"me","turn":5,"card":{"id":"GIL_803","name":"Militia Commander","mana":4}},{"player":"me","turn":5,"card":{"id":"GAME_005","name":"The Coin","mana":0}},{"player":"me","turn":5,"card":{"id":"BOT_042","name":"Weapons Project","mana":2}},{"player":"opponent","turn":6,"card":{"id":"TRL_520","name":"Murloc Tastyfin","mana":4}},{"player":"opponent","turn":6,"card":{"id":"CS2_049","name":"Totemic Call","mana":2}},{"player":"me","turn":6,"card":{"id":"GIL_803","name":"Militia Commander","mana":4}},{"player":"me","turn":6,"card":{"id":"CS2_102","name":"Armor Up!","mana":2}},{"player":"opponent","turn":7,"card":{"id":"DAL_049","name":"Underbelly Angler","mana":2}},{"player":"opponent","turn":7,"card":{"id":"DAL_433","name":"Sludge Slurper","mana":1}},{"player":"opponent","turn":7,"card":{"id":"DAL_433","name":"Sludge Slurper","mana":1}},{"player":"opponent","turn":7,"card":{"id":"EX1_103","name":"Coldlight Seer","mana":3}},{"player":"me","turn":7,"card":{"id":"EX1_407","name":"Brawl","mana":5}},{"player":"me","turn":7,"card":{"id":"CS2_102","name":"Armor Up!","mana":2}},{"player":"opponent","turn":8,"card":{"id":"CS2_168","name":"Murloc Raider","mana":1}},{"player":"opponent","turn":8,"card":{"id":"CS2_173","name":"Bluegill Warrior","mana":2}},{"player":"opponent","turn":8,"card":{"id":"EX1_508","name":"Grimscale Oracle","mana":1}},{"player":"opponent","turn":8,"card":{"id":"CS2_168","name":"Murloc Raider","mana":1}},{"player":"opponent","turn":8,"card":{"id":"EX1_509","name":"Murloc Tidecaller","mana":1}},{"player":"me","turn":8,"card":{"id":"EX1_407","name":"Brawl","mana":5}},{"player":"me","turn":8,"card":{"id":"EX1_606","name":"Shield Block","mana":3}},{"player":"opponent","turn":9,"card":{"id":"BOT_236","name":"Crystalsmith Kangor","mana":2}},{"player":"opponent","turn":9,"card":{"id":"DAL_433","name":"Sludge Slurper","mana":1}},{"player":"opponent","turn":9,"card":{"id":"DAL_741","name":"Ethereal Lackey","mana":1}},{"player":"opponent","turn":9,"card":{"id":"CS2_049","name":"Totemic Call","mana":2}},{"player":"me","turn":9,"card":{"id":"BOT_104","name":"Dyn-o-matic","mana":5}},{"player":"me","turn":9,"card":{"id":"GIL_654","name":"Warpath","mana":2}},{"player":"me","turn":9,"card":{"id":"CS2_102","name":"Armor Up!","mana":2}},{"player":"opponent","turn":10,"card":{"id":"EX1_563","name":"Malygos","mana":9}},{"player":"opponent","turn":10,"card":{"id":"GIL_152","name":"Blackhowl Gunspire","mana":7}},{"player":"opponent","turn":10,"card":{"id":"BOT_411","name":"Electra Stormsurge","mana":3}},{"player":"opponent","turn":10,"card":{"id":"BOT_245","name":"The Storm Bringer","mana":6}},{"player":"me","turn":10,"card":{"id":"DAL_770","name":"Omega Devastator","mana":4}},{"player":"me","turn":10,"card":{"id":"DAL_770","name":"Omega Devastator","mana":4}},{"player":"me","turn":10,"card":{"id":"CS2_102","name":"Armor Up!","mana":2}},{"player":"opponent","turn":11,"card":{"id":"GIL_504","name":"Hagatha the Witch","mana":8}},{"player":"me","turn":11,"card":{"id":"BOT_238","name":"Dr. Boom, Mad Genius","mana":7}},{"player":"opponent","turn":12,"card":{"id":"TRL_520","name":"Murloc Tastyfin","mana":4}},{"player":"opponent","turn":12,"card":{"id":"EX1_103","name":"Coldlight Seer","mana":3}},{"player":"opponent","turn":12,"card":{"id":"EX1_259","name":"Lightning Storm","mana":3}},{"player":"me","turn":12,"card":{"id":"BOT_548","name":"Zilliax","mana":5}},{"player":"me","turn":12,"card":{"id":"EX1_007","name":"Acolyte of Pain","mana":3}},{"player":"opponent","turn":13,"card":{"id":"TRL_520","name":"Murloc Tastyfin","mana":4}},{"player":"opponent","turn":13,"card":{"id":"BOT_451","name":"Voltaic Burst","mana":1}},{"player":"opponent","turn":13,"card":{"id":"DAL_710","name":"Soul of the Murloc","mana":2}},{"player":"opponent","turn":13,"card":{"id":"EX1_245","name":"Earth Shock","mana":1}},{"player":"me","turn":13,"card":{"id":"DAL_070","name":"The Boom Reaver","mana":10}},{"player":"opponent","turn":14,"card":{"id":"DAL_077","name":"Toxfin","mana":1}},{"player":"opponent","turn":14,"card":{"id":"EX1_506","name":"Murloc Tidehunter","mana":2}},{"player":"opponent","turn":14,"card":{"id":"CS2_037","name":"Frost Shock","mana":1}},{"player":"opponent","turn":14,"card":{"id":"EX1_244","name":"Totemic Might","mana":0}},{"player":"me","turn":14,"card":{"id":"EX1_606","name":"Shield Block","mana":3}},{"player":"me","turn":14,"card":{"id":"BOT_104","name":"Dyn-o-matic","mana":5}},{"player":"opponent","turn":15,"card":{"id":"CS2_041","name":"Ancestral Healing","mana":0}},{"player":"opponent","turn":15,"card":{"id":"DAL_049","name":"Underbelly Angler","mana":2}},{"player":"opponent","turn":15,"card":{"id":"EX1_509","name":"Murloc Tidecaller","mana":1}},{"player":"opponent","turn":15,"card":{"id":"EX1_103","name":"Coldlight Seer","mana":3}},{"player":"opponent","turn":15,"card":{"id":"BOT_246","name":"Beakered Lightning","mana":0}},{"player":"opponent","turn":15,"card":{"id":"EX1_245","name":"Earth Shock","mana":1}},{"player":"opponent","turn":15,"card":{"id":"DAL_077","name":"Toxfin","mana":1}},{"player":"me","turn":15,"card":{"id":"EX1_410","name":"Shield Slam","mana":1}},{"player":"me","turn":15,"card":{"id":"DAL_770","name":"Omega Devastator","mana":4}},{"player":"me","turn":15,"card":{"id":"GIL_580","name":"Town Crier","mana":1}},{"player":"opponent","turn":16,"card":{"id":"CS2_046","name":"Bloodlust","mana":5}},{"player":"opponent","turn":16,"card":{"id":"TRL_012","name":"Totemic Smash","mana":1}}]},{"user_hash":"A291E82C4070D38FB127D2A8481A505A","region":"Europe","id":125710720,"mode":"ranked","hero":"Warrior","hero_deck":"Taunt","opponent":"Mage","opponent_deck":null,"coin":true,"result":"win","duration":1058,"rank":null,"legend":null,"note":null,"added":"2019-07-18T20:31:56Z","card_history":[{"player":"opponent","turn":2,"card":{"id":"CS2_034","name":"Fireblast","mana":2}},{"player":"me","turn":2,"card":{"id":"CS2_102","name":"Armor Up!","mana":2}},{"player":"opponent","turn":3,"card":{"id":"TRL_509","name":"Banana Buffoon","mana":3}},{"player":"me","turn":3,"card":{"id":"CS2_102","name":"Armor Up!","mana":2}},{"player":"opponent","turn":4,"card":{"id":"CS2_034","name":"Fireblast","mana":2}},{"player":"opponent","turn":4,"card":{"id":"CS2_027","name":"Mirror Image","mana":1}},{"player":"me","turn":4,"card":{"id":"GIL_654","name":"Warpath","mana":2}},{"player":"me","turn":4,"card":{"id":"GIL_654","name":"Warpath","mana":2}},{"player":"opponent","turn":5,"card":{"id":"EX1_105","name":"Mountain Giant","mana":12}},{"player":"me","turn":5,"card":{"id":"BOT_104","name":"Dyn-o-matic","mana":5}},{"player":"opponent","turn":6,"card":{"id":"BOT_257","name":"Luna's Pocket Galaxy","mana":5}},{"player":"me","turn":6,"card":{"id":"GIL_580","name":"Town Crier","mana":1}},{"player":"me","turn":6,"card":{"id":"EX1_007","name":"Acolyte of Pain","mana":3}},{"player":"me","turn":6,"card":{"id":"CS2_102","name":"Armor Up!","mana":2}},{"player":"opponent","turn":7,"card":{"id":"EX1_608","name":"Sorcerer's Apprentice","mana":2}},{"player":"opponent","turn":7,"card":{"id":"TRL_509t","name":"Bananas","mana":1}},{"player":"opponent","turn":7,"card":{"id":"TRL_509t","name":"Bananas","mana":1}},{"player":"opponent","turn":7,"card":{"id":"TRL_310","name":"Elemental Evocation","mana":0}},{"player":"opponent","turn":7,"card":{"id":"DAL_603","name":"Mana Cyclone","mana":2}},{"player":"opponent","turn":7,"card":{"id":"EX1_586","name":"Sea Giant","mana":10}},{"player":"me","turn":7,"card":{"id":"BOT_042","name":"Weapons Project","mana":2}},{"player":"me","turn":7,"card":{"id":"EX1_410","name":"Shield Slam","mana":1}},{"player":"me","turn":7,"card":{"id":"GIL_803","name":"Militia Commander","mana":4}},{"player":"opponent","turn":8,"card":{"id":"TRL_509","name":"Banana Buffoon","mana":3}},{"player":"opponent","turn":8,"card":{"id":"CS2_034","name":"Fireblast","mana":2}},{"player":"me","turn":8,"card":{"id":"BOT_042","name":"Weapons Project","mana":2}},{"player":"me","turn":8,"card":{"id":"EX1_558","name":"Harrison Jones","mana":5}},{"player":"me","turn":8,"card":{"id":"GAME_005","name":"The Coin","mana":0}},{"player":"me","turn":8,"card":{"id":"CS2_102","name":"Armor Up!","mana":2}},{"player":"opponent","turn":9,"card":{"id":"EX1_586","name":"Sea Giant","mana":10}},{"player":"me","turn":9,"card":{"id":"BOT_548","name":"Zilliax","mana":5}},{"player":"me","turn":9,"card":{"id":"CS2_102","name":"Armor Up!","mana":2}},{"player":"opponent","turn":10,"card":{"id":"EX1_105","name":"Mountain Giant","mana":12}},{"player":"opponent","turn":10,"card":{"id":"CS2_025","name":"Arcane Explosion","mana":2}},{"player":"opponent","turn":10,"card":{"id":"CS2_034","name":"Fireblast","mana":2}},{"player":"me","turn":10,"card":{"id":"EX1_606","name":"Shield Block","mana":3}},{"player":"me","turn":10,"card":{"id":"DAL_770","name":"Omega Devastator","mana":4}},{"player":"me","turn":10,"card":{"id":"CS2_102","name":"Armor Up!","mana":2}},{"player":"opponent","turn":11,"card":{"id":"DAL_608","name":"Magic Trick","mana":1}},{"player":"opponent","turn":11,"card":{"id":"DAL_577","name":"Ray of Frost","mana":1}},{"player":"opponent","turn":11,"card":{"id":"EX1_179","name":"Icicle","mana":2}},{"player":"opponent","turn":11,"card":{"id":"EX1_277","name":"Arcane Missiles","mana":1}},{"player":"opponent","turn":11,"card":{"id":"CS2_034","name":"Fireblast","mana":2}},{"player":"me","turn":11,"card":{"id":"CS2_102","name":"Armor Up!","mana":2}},{"player":"me","turn":11,"card":{"id":"BOT_238","name":"Dr. Boom, Mad Genius","mana":7}},{"player":"opponent","turn":12,"card":{"id":"EX1_559","name":"Archmage Antonidas","mana":7}},{"player":"opponent","turn":12,"card":{"id":"CS2_027","name":"Mirror Image","mana":1}},{"player":"opponent","turn":12,"card":{"id":"TRL_509t","name":"Bananas","mana":1}},{"player":"opponent","turn":12,"card":{"id":"TRL_509t","name":"Bananas","mana":1}},{"player":"opponent","turn":12,"card":{"id":"TRL_310","name":"Elemental Evocation","mana":0}},{"player":"me","turn":12,"card":{"id":"GIL_580","name":"Town Crier","mana":1}},{"player":"me","turn":12,"card":{"id":"EX1_407","name":"Brawl","mana":5}},{"player":"opponent","turn":13,"card":{"id":"CS2_034","name":"Fireblast","mana":2}},{"player":"me","turn":13,"card":{"id":"BOT_406","name":"Supercollider","mana":5}},{"player":"me","turn":13,"card":{"id":"GIL_803","name":"Militia Commander","mana":4}},{"player":"opponent","turn":14,"card":{"id":"CS2_029","name":"Fireball","mana":4}},{"player":"opponent","turn":14,"card":{"id":"CS2_034","name":"Fireblast","mana":2}},{"player":"me","turn":14,"card":{"id":"EX1_007","name":"Acolyte of Pain","mana":3}},{"player":"me","turn":14,"card":{"id":"BOT_104","name":"Dyn-o-matic","mana":5}},{"player":"opponent","turn":15,"card":{"id":"DAL_608","name":"Magic Trick","mana":1}},{"player":"opponent","turn":15,"card":{"id":"EX1_287","name":"Counterspell","mana":3}},{"player":"opponent","turn":15,"card":{"id":"CS2_029","name":"Fireball","mana":4}},{"player":"opponent","turn":15,"card":{"id":"CS2_034","name":"Fireblast","mana":2}},{"player":"me","turn":15,"card":{"id":"EX1_410","name":"Shield Slam","mana":1}},{"player":"me","turn":15,"card":{"id":"EX1_407","name":"Brawl","mana":5}},{"player":"opponent","turn":16,"card":{"id":"CS2_034","name":"Fireblast","mana":2}},{"player":"me","turn":16,"card":{"id":"EX1_606","name":"Shield Block","mana":3}},{"player":"me","turn":16,"card":{"id":"GIL_654","name":"Warpath","mana":2}},{"player":"opponent","turn":17,"card":{"id":"GIL_581","name":"Sandbinder","mana":4}},{"player":"opponent","turn":17,"card":{"id":"EX1_608","name":"Sorcerer's Apprentice","mana":2}},{"player":"opponent","turn":17,"card":{"id":"CS2_029","name":"Fireball","mana":4}},{"player":"opponent","turn":17,"card":{"id":"CS2_029","name":"Fireball","mana":4}},{"player":"opponent","turn":17,"card":{"id":"DAL_577ts","name":"Ray of Frost","mana":1}},{"player":"opponent","turn":17,"card":{"id":"DAL_603","name":"Mana Cyclone","mana":2}},{"player":"me","turn":17,"card":{"id":"BOT_069","name":"The Boomship","mana":9}},{"player":"me","turn":17,"card":{"id":"BOT_424","name":"Mecha'thun","mana":10}},{"player":"me","turn":17,"card":{"id":"EX1_563","name":"Malygos","mana":9}},{"player":"me","turn":17,"card":{"id":"DAL_770","name":"Omega Devastator","mana":4}},{"player":"me","turn":17,"card":{"id":"EX1_607","name":"Inner Rage","mana":0}},{"player":"me","turn":17,"card":{"id":"EX1_607","name":"Inner Rage","mana":0}},{"player":"me","turn":17,"card":{"id":"EX1_400","name":"Whirlwind","mana":1}}]},{"user_hash":"A291E82C4070D38FB127D2A8481A505A","region":"Europe","id":125710569,"mode":"ranked","hero":"Warrior","hero_deck":"Taunt","opponent":"Warrior","opponent_deck":"Taunt","coin":false,"result":"loss","duration":1288,"rank":null,"legend":null,"note":null,"added":"2019-07-18T20:14:06Z","card_history":[{"player":"me","turn":1,"card":{"id":"GIL_580","name":"Town Crier","mana":1}},{"player":"opponent","turn":1,"card":{"id":"GIL_580","name":"Town Crier","mana":1}},{"player":"me","turn":2,"card":{"id":"CS2_102","name":"Armor Up!","mana":2}},{"player":"opponent","turn":2,"card":{"id":"BOT_059","name":"Eternium Rover","mana":1}},{"player":"me","turn":3,"card":{"id":"CS2_102","name":"Armor Up!","mana":2}},{"player":"opponent","turn":3,"card":{"id":"GIL_580","name":"Town Crier","mana":1}},{"player":"opponent","turn":3,"card":{"id":"CS2_102","name":"Armor Up!","mana":2}},{"player":"me","turn":4,"card":{"id":"GIL_803","name":"Militia Commander","mana":4}},{"player":"opponent","turn":4,"card":{"id":"GIL_803","name":"Militia Commander","mana":4}},{"player":"me","turn":5,"card":{"id":"BOT_104","name":"Dyn-o-matic","mana":5}},{"player":"opponent","turn":5,"card":{"id":"GIL_803","name":"Militia Commander","mana":4}},{"player":"me","turn":6,"card":{"id":"CS2_102","name":"Armor Up!","mana":2}},{"player":"opponent","turn":6,"card":{"id":"EX1_606","name":"Shield Block","mana":3}},{"player":"opponent","turn":6,"card":{"id":"CS2_102","name":"Armor Up!","mana":2}},{"player":"me","turn":7,"card":{"id":"CS2_102","name":"Armor Up!","mana":2}},{"player":"opponent","turn":7,"card":{"id":"CS2_102","name":"Armor Up!","mana":2}},{"player":"me","turn":8,"card":{"id":"BOT_238","name":"Dr. Boom, Mad Genius","mana":7}},{"player":"opponent","turn":8,"card":{"id":"DAL_063","name":"Wrenchcalibur","mana":4}},{"player":"opponent","turn":8,"card":{"id":"CS2_102","name":"Armor Up!","mana":2}},{"player":"me","turn":9,"card":{"id":"EX1_606","name":"Shield Block","mana":3}},{"player":"me","turn":9,"card":{"id":"GIL_803","name":"Militia Commander","mana":4}},{"player":"opponent","turn":9,"card":{"id":"BOT_104","name":"Dyn-o-matic","mana":5}},{"player":"opponent","turn":9,"card":{"id":"EX1_606","name":"Shield Block","mana":3}},{"player":"me","turn":10,"card":{"id":"GIL_580","name":"Town Crier","mana":1}},{"player":"me","turn":10,"card":{"id":"EX1_410","name":"Shield Slam","mana":1}},{"player":"opponent","turn":10,"card":{"id":"BOT_104","name":"Dyn-o-matic","mana":5}},{"player":"opponent","turn":10,"card":{"id":"CS2_102","name":"Armor Up!","mana":2}},{"player":"me","turn":11,"card":{"id":"BOT_308","name":"Spring Rocket","mana":3}},{"player":"me","turn":11,"card":{"id":"BOT_406","name":"Supercollider","mana":5}},{"player":"opponent","turn":11,"card":{"id":"BOT_548","name":"Zilliax","mana":5}},{"player":"opponent","turn":11,"card":{"id":"CS2_102","name":"Armor Up!","mana":2}},{"player":"me","turn":12,"card":{"id":"GIL_654","name":"Warpath","mana":2}},{"player":"me","turn":12,"card":{"id":"GIL_654","name":"Warpath","mana":2}},{"player":"opponent","turn":12,"card":{"id":"GAME_005","name":"The Coin","mana":0}},{"player":"opponent","turn":12,"card":{"id":"CS2_102","name":"Armor Up!","mana":2}},{"player":"me","turn":13,"card":{"id":"BOT_218","name":"Security Rover","mana":6}},{"player":"opponent","turn":13,"card":{"id":"DAL_770","name":"Omega Devastator","mana":4}},{"player":"opponent","turn":13,"card":{"id":"CS2_102","name":"Armor Up!","mana":2}},{"player":"me","turn":14,"card":{"id":"EX1_407","name":"Brawl","mana":5}},{"player":"opponent","turn":14,"card":{"id":"BOT_238","name":"Dr. Boom, Mad Genius","mana":7}},{"player":"opponent","turn":14,"card":{"id":"EX1_410","name":"Shield Slam","mana":1}},{"player":"me","turn":15,"card":{"id":"BOT_548","name":"Zilliax","mana":5}},{"player":"opponent","turn":15,"card":{"id":"DAL_064","name":"Blastmaster Boom","mana":7}},{"player":"me","turn":16,"card":{"id":"EX1_407","name":"Brawl","mana":5}},{"player":"opponent","turn":16,"card":{"id":"BOT_059","name":"Eternium Rover","mana":1}},{"player":"opponent","turn":16,"card":{"id":"GIL_654","name":"Warpath","mana":2}},{"player":"me","turn":17,"card":{"id":"EX1_606","name":"Shield Block","mana":3}},{"player":"me","turn":17,"card":{"id":"DAL_770","name":"Omega Devastator","mana":4}},{"player":"opponent","turn":17,"card":{"id":"DAL_070","name":"The Boom Reaver","mana":10}},{"player":"me","turn":18,"card":{"id":"DAL_770","name":"Omega Devastator","mana":4}},{"player":"opponent","turn":18,"card":{"id":"DAL_770","name":"Omega Devastator","mana":4}},{"player":"opponent","turn":18,"card":{"id":"BOT_299","name":"Omega Assembly","mana":1}},{"player":"opponent","turn":18,"card":{"id":"BOT_059","name":"Eternium Rover","mana":1}},{"player":"me","turn":19,"card":{"id":"BOT_042","name":"Weapons Project","mana":2}},{"player":"me","turn":19,"card":{"id":"EX1_558","name":"Harrison Jones","mana":5}},{"player":"opponent","turn":19,"card":{"id":"BOT_559","name":"Augmented Elekk","mana":3}},{"player":"opponent","turn":19,"card":{"id":"DAL_063","name":"Wrenchcalibur","mana":4}},{"player":"opponent","turn":19,"card":{"id":"DAL_060","name":"Clockwork Goblin","mana":3}},{"player":"me","turn":20,"card":{"id":"BOT_042","name":"Weapons Project","mana":2}},{"player":"me","turn":20,"card":{"id":"EX1_007","name":"Acolyte of Pain","mana":3}},{"player":"me","turn":20,"card":{"id":"EX1_410","name":"Shield Slam","mana":1}},{"player":"me","turn":20,"card":{"id":"GIL_654","name":"Warpath","mana":2}},{"player":"opponent","turn":20,"card":{"id":"DAL_060","name":"Clockwork Goblin","mana":3}},{"player":"opponent","turn":20,"card":{"id":"BOT_237","name":"Beryllium Nullifier","mana":7}}]},{"user_hash":"9C19210E2DFF9528B8D6A94B9A39A9A5","region":"Americas","id":125711744,"mode":"ranked","hero":"Hunter","hero_deck":"Midrange","opponent":"Rogue","opponent_deck":"Miracle","coin":false,"result":"win","duration":1015,"rank":5,"legend":null,"note":null,"added":"2019-07-18T22:59:10Z","card_history":[{"player":"me","turn":1,"card":{"id":"TRL_348","name":"Springpaw","mana":1}},{"player":"me","turn":2,"card":{"id":"GIL_143","name":"Vicious Scalehide","mana":2}},{"player":"opponent","turn":2,"card":{"id":"GAME_005","name":"The Coin","mana":0}},{"player":"opponent","turn":2,"card":{"id":"DAL_415","name":"EVIL Miscreant","mana":3}},{"player":"me","turn":3,"card":{"id":"EX1_531","name":"Scavenging Hyena","mana":2}},{"player":"me","turn":3,"card":{"id":"TRL_348t","name":"Lynx","mana":1}},{"player":"opponent","turn":3,"card":{"id":"DAL_741","name":"Ethereal Lackey","mana":1}},{"player":"opponent","turn":3,"card":{"id":"CS2_073","name":"Cold Blood","mana":2}},{"player":"opponent","turn":3,"card":{"id":"EX1_144","name":"Shadowstep","mana":0}},{"player":"me","turn":4,"card":{"id":"GIL_828","name":"Dire Frenzy","mana":4}},{"player":"opponent","turn":4,"card":{"id":"TRL_092","name":"Spirit of the Shark","mana":4}},{"player":"opponent","turn":4,"card":{"id":"DAL_741","name":"Ethereal Lackey","mana":1}},{"player":"me","turn":5,"card":{"id":"DAL_587","name":"Shimmerfly","mana":1}},{"player":"me","turn":5,"card":{"id":"EX1_617","name":"Deadly Shot","mana":3}},{"player":"me","turn":5,"card":{"id":"DS1_184","name":"Tracking","mana":1}},{"player":"opponent","turn":5,"card":{"id":"EX1_182","name":"Pilfer","mana":1}},{"player":"opponent","turn":5,"card":{"id":"DAL_716","name":"Vendetta","mana":4}},{"player":"opponent","turn":5,"card":{"id":"EX1_129","name":"Fan of Knives","mana":3}},{"player":"opponent","turn":5,"card":{"id":"DAL_613","name":"Faceless Lackey","mana":1}},{"player":"me","turn":6,"card":{"id":"DAL_371","name":"Marked Shot","mana":4}},{"player":"me","turn":6,"card":{"id":"DS1h_292","name":"Steady Shot","mana":2}},{"player":"opponent","turn":6,"card":{"id":"DAL_416","name":"Hench-Clan Burglar","mana":4}},{"player":"opponent","turn":6,"card":{"id":"DAL_714","name":"Underbelly Fence","mana":2}},{"player":"me","turn":7,"card":{"id":"TRL_339","name":"Master's Call","mana":3}},{"player":"me","turn":7,"card":{"id":"GIL_143","name":"Vicious Scalehide","mana":2}},{"player":"me","turn":7,"card":{"id":"GIL_518","name":"Wing Blast","mana":4}},{"player":"me","turn":7,"card":{"id":"DAL_587","name":"Shimmerfly","mana":1}},{"player":"opponent","turn":7,"card":{"id":"TRL_347","name":"Baited Arrow","mana":5}},{"player":"me","turn":8,"card":{"id":"DAL_378","name":"Unleash the Beast","mana":6}},{"player":"me","turn":8,"card":{"id":"DS1h_292","name":"Steady Shot","mana":2}},{"player":"opponent","turn":8,"card":{"id":"EX1_182","name":"Pilfer","mana":1}},{"player":"opponent","turn":8,"card":{"id":"DAL_415","name":"EVIL Miscreant","mana":3}},{"player":"me","turn":9,"card":{"id":"NEW1_031","name":"Animal Companion","mana":3}},{"player":"me","turn":9,"card":{"id":"DAL_378ts","name":"Unleash the Beast","mana":6}},{"player":"opponent","turn":9,"card":{"id":"BOT_548","name":"Zilliax","mana":5}},{"player":"opponent","turn":9,"card":{"id":"CS2_073","name":"Cold Blood","mana":2}},{"player":"opponent","turn":9,"card":{"id":"EX1_124","name":"Eviscerate","mana":2}},{"player":"me","turn":10,"card":{"id":"NEW1_031","name":"Animal Companion","mana":3}},{"player":"me","turn":10,"card":{"id":"DAL_378","name":"Unleash the Beast","mana":6}},{"player":"opponent","turn":10,"card":{"id":"GIL_827","name":"Blink Fox","mana":3}},{"player":"opponent","turn":10,"card":{"id":"DAL_739","name":"Goblin Lackey","mana":1}},{"player":"opponent","turn":10,"card":{"id":"DAL_739","name":"Goblin Lackey","mana":1}},{"player":"opponent","turn":10,"card":{"id":"EX1_613","name":"Edwin VanCleef","mana":3}},{"player":"me","turn":11,"card":{"id":"EX1_538","name":"Unleash the Hounds","mana":3}},{"player":"me","turn":11,"card":{"id":"DAL_378ts","name":"Unleash the Beast","mana":6}},{"player":"me","turn":11,"card":{"id":"DS1_175","name":"Timber Wolf","mana":1}},{"player":"opponent","turn":11,"card":{"id":"GIL_598","name":"Tess Greymane","mana":8}},{"player":"opponent","turn":11,"card":{"id":"DAL_010","name":"Togwaggle's Scheme","mana":1}},{"player":"me","turn":12,"card":{"id":"DS1_175","name":"Timber Wolf","mana":1}},{"player":"me","turn":12,"card":{"id":"GIL_828","name":"Dire Frenzy","mana":4}},{"player":"me","turn":12,"card":{"id":"DS1h_292","name":"Steady Shot","mana":2}},{"player":"opponent","turn":12,"card":{"id":"BOT_087","name":"Academic Espionage","mana":4}},{"player":"me","turn":13,"card":{"id":"EX1_539","name":"Kill Command","mana":3}},{"player":"me","turn":13,"card":{"id":"DS1h_292","name":"Steady Shot","mana":2}},{"player":"me","turn":14,"card":{"id":"GIL_143","name":"Vicious Scalehide","mana":2}},{"player":"me","turn":14,"card":{"id":"GIL_828","name":"Dire Frenzy","mana":4}},{"player":"me","turn":14,"card":{"id":"DS1h_292","name":"Steady Shot","mana":2}},{"player":"opponent","turn":14,"card":{"id":"EX1_095","name":"Gadgetzan Auctioneer","mana":6}},{"player":"opponent","turn":14,"card":{"id":"EX1_179","name":"Icicle","mana":2}},{"player":"opponent","turn":14,"card":{"id":"DAL_373","name":"Rapid Fire","mana":1}},{"player":"opponent","turn":14,"card":{"id":"DAL_373ts","name":"Rapid Fire","mana":1}},{"player":"opponent","turn":14,"card":{"id":"EX1_144","name":"Shadowstep","mana":0}},{"player":"me","turn":15,"card":{"id":"TRL_065","name":"Zul'jin","mana":10}},{"player":"opponent","turn":15,"card":{"id":"EX1_095","name":"Gadgetzan Auctioneer","mana":6}},{"player":"opponent","turn":15,"card":{"id":"EX1_126","name":"Betrayal","mana":2}},{"player":"opponent","turn":15,"card":{"id":"EX1_543","name":"King Krush","mana":9}},{"player":"opponent","turn":15,"card":{"id":"EX1_617","name":"Deadly Shot","mana":3}},{"player":"opponent","turn":15,"card":{"id":"CS2_072","name":"Backstab","mana":0}},{"player":"opponent","turn":15,"card":{"id":"DS1_175","name":"Timber Wolf","mana":1}},{"player":"me","turn":16,"card":{"id":"EX1_531","name":"Scavenging Hyena","mana":2}},{"player":"me","turn":16,"card":{"id":"GIL_143","name":"Vicious Scalehide","mana":2}},{"player":"me","turn":16,"card":{"id":"GIL_143","name":"Vicious Scalehide","mana":2}},{"player":"me","turn":16,"card":{"id":"EX1_609","name":"Snipe","mana":2}},{"player":"opponent","turn":16,"card":{"id":"DAL_416","name":"Hench-Clan Burglar","mana":4}},{"player":"opponent","turn":16,"card":{"id":"DAL_714","name":"Underbelly Fence","mana":2}},{"player":"opponent","turn":16,"card":{"id":"EX1_363","name":"Blessing of Wisdom","mana":1}},{"player":"opponent","turn":16,"card":{"id":"DAL_716","name":"Vendetta","mana":4}},{"player":"me","turn":17,"card":{"id":"DAL_378ts","name":"Unleash the Beast","mana":6}},{"player":"me","turn":17,"card":{"id":"GIL_143","name":"Vicious Scalehide","mana":2}},{"player":"opponent","turn":17,"card":{"id":"GIL_598","name":"Tess Greymane","mana":8}},{"player":"me","turn":18,"card":{"id":"EX1_538","name":"Unleash the Hounds","mana":3}},{"player":"me","turn":18,"card":{"id":"DS1_175","name":"Timber Wolf","mana":1}}]},{"user_hash":"9C19210E2DFF9528B8D6A94B9A39A9A5","region":"Americas","id":125711641,"mode":"ranked","hero":"Hunter","hero_deck":"Midrange","opponent":"Warlock","opponent_deck":"Zoo","coin":true,"result":"loss","duration":557,"rank":5,"legend":null,"note":null,"added":"2019-07-18T22:42:00Z","card_history":[{"player":"opponent","turn":1,"card":{"id":"EX1_319","name":"Flame Imp","mana":1}},{"player":"me","turn":1,"card":{"id":"DAL_587","name":"Shimmerfly","mana":1}},{"player":"opponent","turn":2,"card":{"id":"NEW1_019","name":"Knife Juggler","mana":2}},{"player":"me","turn":2,"card":{"id":"GIL_143","name":"Vicious Scalehide","mana":2}},{"player":"opponent","turn":3,"card":{"id":"DAL_773","name":"Magic Carpet","mana":3}},{"player":"me","turn":3,"card":{"id":"NEW1_031","name":"Animal Companion","mana":3}},{"player":"opponent","turn":4,"card":{"id":"CS2_065","name":"Voidwalker","mana":1}},{"player":"opponent","turn":4,"card":{"id":"DAL_606","name":"EVIL Genius","mana":2}},{"player":"opponent","turn":4,"card":{"id":"DAL_741","name":"Ethereal Lackey","mana":1}},{"player":"me","turn":4,"card":{"id":"DAL_371","name":"Marked Shot","mana":4}},{"player":"opponent","turn":5,"card":{"id":"GIL_191","name":"Fiendish Circle","mana":4}},{"player":"opponent","turn":5,"card":{"id":"TRL_249","name":"Grim Rally","mana":1}},{"player":"me","turn":5,"card":{"id":"GIL_143","name":"Vicious Scalehide","mana":2}},{"player":"me","turn":5,"card":{"id":"GAME_005","name":"The Coin","mana":0}},{"player":"me","turn":5,"card":{"id":"GIL_828","name":"Dire Frenzy","mana":4}},{"player":"opponent","turn":6,"card":{"id":"DAL_741","name":"Ethereal Lackey","mana":1}},{"player":"opponent","turn":6,"card":{"id":"EX1_586","name":"Sea Giant","mana":10}},{"player":"opponent","turn":6,"card":{"id":"TRL_363","name":"Saronite Taskmaster","mana":1}},{"player":"me","turn":6,"card":{"id":"EX1_538","name":"Unleash the Hounds","mana":3}},{"player":"me","turn":6,"card":{"id":"DS1_184","name":"Tracking","mana":1}},{"player":"me","turn":6,"card":{"id":"GIL_143","name":"Vicious Scalehide","mana":2}},{"player":"opponent","turn":7,"card":{"id":"DAL_546","name":"Barista Lynchen","mana":5}},{"player":"me","turn":7,"card":{"id":"TRL_339","name":"Master's Call","mana":3}},{"player":"me","turn":7,"card":{"id":"GIL_828","name":"Dire Frenzy","mana":4}},{"player":"opponent","turn":8,"card":{"id":"DAL_773","name":"Magic Carpet","mana":3}},{"player":"opponent","turn":8,"card":{"id":"BOT_445","name":"Mecharoo","mana":1}},{"player":"opponent","turn":8,"card":{"id":"DAL_747","name":"Flight Master","mana":3}},{"player":"opponent","turn":8,"card":{"id":"DAL_615","name":"Witchy Lackey","mana":1}},{"player":"opponent","turn":8,"card":{"id":"DAL_741","name":"Ethereal Lackey","mana":1}},{"player":"me","turn":8,"card":{"id":"EX1_531","name":"Scavenging Hyena","mana":2}},{"player":"me","turn":8,"card":{"id":"GIL_143","name":"Vicious Scalehide","mana":2}},{"player":"me","turn":8,"card":{"id":"GIL_143","name":"Vicious Scalehide","mana":2}},{"player":"me","turn":8,"card":{"id":"TRL_111","name":"Headhunter's Hatchet","mana":2}},{"player":"opponent","turn":9,"card":{"id":"BOT_568","name":"The Soularium","mana":1}},{"player":"opponent","turn":9,"card":{"id":"CS2_062","name":"Hellfire","mana":4}},{"player":"opponent","turn":9,"card":{"id":"BOT_445","name":"Mecharoo","mana":1}},{"player":"opponent","turn":9,"card":{"id":"DAL_614","name":"Kobold Lackey","mana":1}},{"player":"opponent","turn":9,"card":{"id":"TRL_249","name":"Grim Rally","mana":1}},{"player":"opponent","turn":9,"card":{"id":"EX1_308","name":"Soulfire","mana":1}},{"player":"me","turn":9,"card":{"id":"DS1_178","name":"Tundra Rhino","mana":5}},{"player":"me","turn":9,"card":{"id":"EX1_531","name":"Scavenging Hyena","mana":2}},{"player":"me","turn":9,"card":{"id":"DS1_175","name":"Timber Wolf","mana":1}},{"player":"opponent","turn":10,"card":{"id":"EX1_116","name":"Leeroy Jenkins","mana":5}}]},{"user_hash":"9C19210E2DFF9528B8D6A94B9A39A9A5","region":"Americas","id":125711578,"mode":"ranked","hero":"Hunter","hero_deck":"Midrange","opponent":"Rogue","opponent_deck":"Miracle","coin":false,"result":"loss","duration":595,"rank":5,"legend":null,"note":null,"added":"2019-07-18T22:32:13Z","card_history":[{"player":"me","turn":1,"card":{"id":"DAL_587","name":"Shimmerfly","mana":1}},{"player":"opponent","turn":1,"card":{"id":"CS2_072","name":"Backstab","mana":0}},{"player":"me","turn":2,"card":{"id":"GIL_143","name":"Vicious Scalehide","mana":2}},{"player":"opponent","turn":2,"card":{"id":"GAME_005","name":"The Coin","mana":0}},{"player":"opponent","turn":2,"card":{"id":"BOT_911","name":"Annoy-o-Module","mana":4}},{"player":"me","turn":3,"card":{"id":"NEW1_031","name":"Animal Companion","mana":3}},{"player":"opponent","turn":3,"card":{"id":"EX1_144","name":"Shadowstep","mana":0}},{"player":"opponent","turn":3,"card":{"id":"BOT_911","name":"Annoy-o-Module","mana":4}},{"player":"opponent","turn":3,"card":{"id":"DAL_741","name":"Ethereal Lackey","mana":1}},{"player":"opponent","turn":3,"card":{"id":"DAL_615","name":"Witchy Lackey","mana":1}},{"player":"me","turn":4,"card":{"id":"TRL_111","name":"Headhunter's Hatchet","mana":2}},{"player":"me","turn":4,"card":{"id":"EX1_531","name":"Scavenging Hyena","mana":2}},{"player":"opponent","turn":4,"card":{"id":"DAL_739","name":"Goblin Lackey","mana":1}},{"player":"opponent","turn":4,"card":{"id":"EX1_134","name":"SI:7 Agent","mana":3}},{"player":"me","turn":5,"card":{"id":"EX1_531","name":"Scavenging Hyena","mana":2}},{"player":"me","turn":5,"card":{"id":"EX1_617","name":"Deadly Shot","mana":3}},{"player":"opponent","turn":5,"card":{"id":"DAL_613","name":"Faceless Lackey","mana":1}},{"player":"opponent","turn":5,"card":{"id":"EX1_124","name":"Eviscerate","mana":2}},{"player":"opponent","turn":5,"card":{"id":"CS2_083b","name":"Dagger Mastery","mana":2}},{"player":"me","turn":6,"card":{"id":"DAL_378","name":"Unleash the Beast","mana":6}},{"player":"opponent","turn":6,"card":{"id":"DAL_416","name":"Hench-Clan Burglar","mana":4}},{"player":"opponent","turn":6,"card":{"id":"DAL_716","name":"Vendetta","mana":4}},{"player":"opponent","turn":6,"card":{"id":"CS2_083b","name":"Dagger Mastery","mana":2}},{"player":"me","turn":7,"card":{"id":"DS1_184","name":"Tracking","mana":1}},{"player":"me","turn":7,"card":{"id":"TRL_339","name":"Master's Call","mana":3}},{"player":"me","turn":7,"card":{"id":"TRL_348","name":"Springpaw","mana":1}},{"player":"me","turn":7,"card":{"id":"DS1h_292","name":"Steady Shot","mana":2}},{"player":"opponent","turn":7,"card":{"id":"DAL_720","name":"Waggle Pick","mana":4}},{"player":"opponent","turn":7,"card":{"id":"EX1_134","name":"SI:7 Agent","mana":3}},{"player":"me","turn":8,"card":{"id":"DAL_378ts","name":"Unleash the Beast","mana":6}},{"player":"me","turn":8,"card":{"id":"GIL_143","name":"Vicious Scalehide","mana":2}},{"player":"opponent","turn":8,"card":{"id":"EX1_613","name":"Edwin VanCleef","mana":3}},{"player":"opponent","turn":8,"card":{"id":"CS2_037","name":"Frost Shock","mana":1}},{"player":"opponent","turn":8,"card":{"id":"EX1_613","name":"Edwin VanCleef","mana":3}},{"player":"opponent","turn":8,"card":{"id":"CS2_083b","name":"Dagger Mastery","mana":2}},{"player":"me","turn":9,"card":{"id":"TRL_348t","name":"Lynx","mana":1}},{"player":"me","turn":9,"card":{"id":"EX1_539","name":"Kill Command","mana":3}},{"player":"me","turn":9,"card":{"id":"DS1_178","name":"Tundra Rhino","mana":5}},{"player":"opponent","turn":9,"card":{"id":"DAL_720","name":"Waggle Pick","mana":4}},{"player":"opponent","turn":9,"card":{"id":"GIL_622","name":"Lifedrinker","mana":4}},{"player":"me","turn":10,"card":{"id":"TRL_065","name":"Zul'jin","mana":10}},{"player":"opponent","turn":10,"card":{"id":"EX1_116","name":"Leeroy Jenkins","mana":5}},{"player":"opponent","turn":10,"card":{"id":"EX1_116","name":"Leeroy Jenkins","mana":5}}]},{"user_hash":"9C19210E2DFF9528B8D6A94B9A39A9A5","region":"Americas","id":125711501,"mode":"ranked","hero":"Hunter","hero_deck":"Midrange","opponent":"Druid","opponent_deck":"Token","coin":false,"result":"win","duration":326,"rank":5,"legend":null,"note":null,"added":"2019-07-18T22:20:23Z","card_history":[{"player":"opponent","turn":1,"card":{"id":"DAL_354","name":"Acornbearer","mana":1}},{"player":"me","turn":2,"card":{"id":"TRL_111","name":"Headhunter's Hatchet","mana":2}},{"player":"opponent","turn":2,"card":{"id":"DAL_733","name":"Dreamway Guardians","mana":2}},{"player":"me","turn":3,"card":{"id":"NEW1_031","name":"Animal Companion","mana":3}},{"player":"opponent","turn":3,"card":{"id":"DAL_743","name":"Hench-Clan Hogsteed","mana":2}},{"player":"opponent","turn":3,"card":{"id":"GAME_005","name":"The Coin","mana":0}},{"player":"opponent","turn":3,"card":{"id":"DAL_354t","name":"Squirrel","mana":1}},{"player":"opponent","turn":3,"card":{"id":"DAL_354t","name":"Squirrel","mana":1}},{"player":"me","turn":4,"card":{"id":"GIL_143","name":"Vicious Scalehide","mana":2}},{"player":"me","turn":4,"card":{"id":"TRL_348","name":"Springpaw","mana":1}},{"player":"me","turn":4,"card":{"id":"TRL_348t","name":"Lynx","mana":1}},{"player":"opponent","turn":4,"card":{"id":"EX1_154","name":"Wrath","mana":2}},{"player":"opponent","turn":4,"card":{"id":"CS2_017","name":"Shapeshift","mana":2}},{"player":"me","turn":5,"card":{"id":"DS1_178","name":"Tundra Rhino","mana":5}},{"player":"opponent","turn":5,"card":{"id":"DAL_354","name":"Acornbearer","mana":1}},{"player":"opponent","turn":5,"card":{"id":"BOT_445","name":"Mecharoo","mana":1}},{"player":"opponent","turn":5,"card":{"id":"CS2_017","name":"Shapeshift","mana":2}},{"player":"me","turn":6,"card":{"id":"TRL_339","name":"Master's Call","mana":3}},{"player":"me","turn":6,"card":{"id":"DAL_587","name":"Shimmerfly","mana":1}},{"player":"me","turn":6,"card":{"id":"EX1_531","name":"Scavenging Hyena","mana":2}},{"player":"opponent","turn":6,"card":{"id":"BOT_700","name":"SN1P-SN4P","mana":3}},{"player":"opponent","turn":6,"card":{"id":"BOT_700","name":"SN1P-SN4P","mana":3}},{"player":"me","turn":7,"card":{"id":"EX1_539","name":"Kill Command","mana":3}},{"player":"me","turn":7,"card":{"id":"DAL_587","name":"Shimmerfly","mana":1}},{"player":"me","turn":7,"card":{"id":"EX1_538","name":"Unleash the Hounds","mana":3}}]},{"user_hash":"9C19210E2DFF9528B8D6A94B9A39A9A5","region":"Americas","id":125711448,"mode":"ranked","hero":"Hunter","hero_deck":"Midrange","opponent":"Paladin","opponent_deck":"Midrange","coin":false,"result":"win","duration":295,"rank":6,"legend":null,"note":null,"added":"2019-07-18T22:11:24Z","card_history":[{"player":"me","turn":2,"card":{"id":"GIL_143","name":"Vicious Scalehide","mana":2}},{"player":"opponent","turn":2,"card":{"id":"CS2_101","name":"Reinforce","mana":2}},{"player":"me","turn":3,"card":{"id":"TRL_111","name":"Headhunter's Hatchet","mana":2}},{"player":"opponent","turn":3,"card":{"id":"CS2_101","name":"Reinforce","mana":2}},{"player":"me","turn":4,"card":{"id":"GIL_828","name":"Dire Frenzy","mana":4}},{"player":"opponent","turn":4,"card":{"id":"GAME_005","name":"The Coin","mana":0}},{"player":"opponent","turn":4,"card":{"id":"BOT_910","name":"Glowstone Technician","mana":5}},{"player":"me","turn":5,"card":{"id":"DAL_371","name":"Marked Shot","mana":4}},{"player":"opponent","turn":5,"card":{"id":"BOT_537","name":"Mechano-Egg","mana":5}},{"player":"me","turn":6,"card":{"id":"NEW1_031","name":"Animal Companion","mana":3}},{"player":"me","turn":6,"card":{"id":"NEW1_031","name":"Animal Companion","mana":3}},{"player":"opponent","turn":6,"card":{"id":"BOT_021","name":"Bronze Gatekeeper","mana":3}},{"player":"opponent","turn":6,"card":{"id":"BOT_020","name":"Skaterbot","mana":1}},{"player":"opponent","turn":6,"card":{"id":"CS2_101","name":"Reinforce","mana":2}},{"player":"me","turn":7,"card":{"id":"DS1_178","name":"Tundra Rhino","mana":5}},{"player":"me","turn":7,"card":{"id":"EX1_531","name":"Scavenging Hyena","mana":2}},{"player":"opponent","turn":7,"card":{"id":"BOT_436","name":"Prismatic Lens","mana":4}},{"player":"opponent","turn":7,"card":{"id":"BOT_909","name":"Crystology","mana":1}},{"player":"opponent","turn":7,"card":{"id":"BOT_907","name":"Galvanizer","mana":2}},{"player":"me","turn":8,"card":{"id":"DAL_587","name":"Shimmerfly","mana":1}},{"player":"me","turn":8,"card":{"id":"EX1_539","name":"Kill Command","mana":3}}]}]}